n_trades,trades_per_year,hit_rate,mean_ret_bps,median_ret_bps,std_ret_bps,best_ret_bps,worst_ret_bps,total_ret_pct,max_dd_pct,sharpe_ann,t_stat,name,family,us_code,cn_fut,threshold,sample_start
481,34.40750513046027,0.4781704781704782,-5.209198329591557,-2.4513839602564533,122.79303052760895,620.5949937557691,-387.2113457027078,-24.930288394644464,-33.876108359719446,-0.24884204767060747,-0.9304000240374333,naive_short_SPX_IF_thr0.005,naive_short,SPX,IF,0.005,all
481,34.40750513046027,0.4594594594594595,-6.7908016704084595,-9.548616039743546,122.79303052760896,375.2113457027077,-632.5949937557691,-30.449572277966976,-33.21501839116996,-0.3243948273940876,-1.2128856759955358,bounce_long_SPX_IF_thr0.005,bounce_long,SPX,IF,0.005,all
655,46.85429492817355,0.5099236641221374,1.598031244049662,2.2954942368151934,107.09018300669044,600.4947468958925,-608.0533422609087,6.955631363457693,-18.789584685387027,0.10214339976857119,0.38190580124843165,fade_short_SPX_IF_thr0.005,fade_short,SPX,IF,0.005,all
250,17.8833186748754,0.444,-9.181471883449657,-11.202533506857286,129.56272964223731,620.5949937557691,-387.2113457027078,-22.159869261975594,-29.85531180946558,-0.29967897679963745,-1.1204751360468315,naive_short_SPX_IF_thr0.010,naive_short,SPX,IF,0.01,all
250,17.8833186748754,0.5,-2.818528116550355,-0.7974664931427119,129.5627296422373,375.2113457027077,-632.5949937557691,-8.741142091963262,-18.667270761069965,-0.09199544830838897,-0.3439634423470045,bounce_long_SPX_IF_thr0.010,bounce_long,SPX,IF,0.01,all
309,22.103781882146,0.5307443365695793,8.990006618359542,6.810658467845571,101.95055826668877,460.353354335588,-413.4626865671638,29.916914971409557,-8.303683319818699,0.4145755603192594,1.550064046237679,fade_short_SPX_IF_thr0.010,fade_short,SPX,IF,0.01,all
149,10.65845793022574,0.44966442953020136,-9.953592641719828,-13.415858528236894,143.93644739668096,620.5949937557691,-387.2113457027078,-15.098777625356552,-24.19678487513216,-0.22576482142108348,-0.8441161662317954,naive_short_SPX_IF_thr0.015,naive_short,SPX,IF,0.015,all
149,10.65845793022574,0.5100671140939598,-2.0464073582801823,1.4158585282368965,143.936447396681,375.2113457027077,-632.5949937557691,-4.487237631505714,-10.52210968175361,-0.0464160839635375,-0.17354593421672662,bounce_long_SPX_IF_thr0.015,bounce_long,SPX,IF,0.015,all
123,8.798592788038698,0.6341463414634146,22.925903072415576,15.63393111300871,118.0446186720536,460.353354335588,-413.4626865671638,31.419824379475948,-5.065516884459087,0.5760853982804912,2.153936094904964,fade_short_SPX_IF_thr0.015,fade_short,SPX,IF,0.015,all
83,5.937261800058634,0.4457831325301205,-10.79064795842346,-24.107258880544208,160.49990135385616,620.5949937557691,-387.2113457027078,-9.527200324631547,-21.100707407849896,-0.1638195972488449,-0.6125080493626363,naive_short_SPX_IF_thr0.020,naive_short,SPX,IF,0.02,all
83,5.937261800058634,0.5301204819277109,-1.2093520415765557,12.10725888054421,160.49990135385613,375.2113457027077,-632.5949937557691,-2.047800338757977,-11.24423565941961,-0.018359932151107344,-0.06864628174627259,bounce_long_SPX_IF_thr0.020,bounce_long,SPX,IF,0.02,all
61,4.363529756669598,0.6885245901639344,21.909842052198165,15.984190093082836,128.9648222200728,460.353354335588,-413.4626865671638,13.714719069519399,-7.2269120118037655,0.354884436660796,1.3268838264696374,fade_short_SPX_IF_thr0.020,fade_short,SPX,IF,0.02,all
51,3.648197009674582,0.43137254901960786,-2.0533471618868795,-28.284122562674646,191.78751684048717,620.5949937557691,-387.2113457027078,-1.9409955809932988,-15.786821793869754,-0.02044942907982257,-0.0764587395318481,naive_short_SPX_IF_thr0.025,naive_short,SPX,IF,0.025,all
51,3.648197009674582,0.5490196078431373,-9.946652838113124,16.284122562674646,191.78751684048717,375.2113457027077,-632.5949937557691,-5.828440890998243,-8.039227581376506,-0.09905941653222293,-0.3703750406551593,bounce_long_SPX_IF_thr0.025,bounce_long,SPX,IF,0.025,all
33,2.360598065083553,0.7272727272727273,23.49171571639161,9.974440894568344,133.95663446338688,460.353354335588,-413.4626865671638,7.742361088461958,-4.74449859298044,0.26943966649420076,1.0074128328773302,fade_short_SPX_IF_thr0.025,fade_short,SPX,IF,0.025,all
481,34.40750513046027,0.45114345114345117,-13.168115686368937,-14.294453084500828,142.82015194014392,607.6986301369861,-545.1832444427137,-49.475133115240986,-52.080211996612235,-0.5408299503757692,-2.0221188643160914,naive_short_SPX_IC_thr0.005,naive_short,SPX,IC,0.005,all
481,34.40750513046027,0.5031185031185031,1.1681156863689133,2.2944530845008306,142.82015194014392,533.1832444427135,-619.6986301369863,0.7026129822783389,-26.60273479011227,0.04797588081231844,0.17937788681149194,bounce_long_SPX_IC_thr0.005,bounce_long,SPX,IC,0.005,all
655,46.85429492817355,0.5099236641221374,4.608842570887949,3.5371669004207242,126.35443756893686,601.359482410027,-520.3255890321009,28.3859117008201,-28.852013053786894,0.24967558621561578,0.9335165563500848,fade_short_SPX_IC_thr0.005,fade_short,SPX,IC,0.005,all
250,17.8833186748754,0.432,-17.631362615173376,-25.212166307953638,155.35187988167806,607.6986301369861,-545.1832444427137,-37.57537095294157,-43.69457630934954,-0.47994715574176655,-1.7944830844260153,naive_short_SPX_IC_thr0.010,naive_short,SPX,IC,0.01,all
250,17.8833186748754,0.532,5.63136261517335,13.21216630795364,155.35187988167806,533.1832444427135,-619.6986301369863,11.692384247473564,-12.793673888299374,0.15329254630478759,0.573148268557589,bounce_long_SPX_IC_thr0.010,bounce_long,SPX,IC,0.01,all
309,22.103781882146,0.5469255663430421,11.065518990809032,9.550450609648214,125.09700185951961,601.359482410027,-351.6157635467983,37.4112723815079,-14.282796267091646,0.4158705624385524,1.5549059530383886,fade_short_SPX_IC_thr0.010,fade_short,SPX,IC,0.01,all
149,10.65845793022574,0.4429530201342282,-25.470510229558002,-25.922044174967013,175.07020438299705,607.6986301369861,-545.1832444427137,-33.14909618322546,-41.76287121159776,-0.47497701499177863,-1.7759001354567991,naive_short_SPX_IC_thr0.015,naive_short,SPX,IC,0.015,all
149,10.65845793022574,0.5302013422818792,13.47051022955798,13.922044174967015,175.07020438299705,533.1832444427135,-619.6986301369863,19.463205266771123,-12.659680266041985,0.2511996297516926,0.9392148302385753,bounce_long_SPX_IC_thr0.015,bounce_long,SPX,IC,0.015,all
123,8.798592788038698,0.5691056910569106,21.698770054198146,12.121623976301573,131.14718646702642,492.61598080826684,-346.44902465955045,29.200506145441718,-9.786711016194872,0.4907753582293041,1.8349688461732536,fade_short_SPX_IC_thr0.015,fade_short,SPX,IC,0.015,all
83,5.937261800058634,0.43373493975903615,-25.78296037952683,-31.47565301515675,203.9071795348853,607.6986301369861,-545.1832444427137,-20.650795357948383,-28.768638846229045,-0.3081011812650547,-1.151965068357005,naive_short_SPX_IC_thr0.020,naive_short,SPX,IC,0.02,all
83,5.937261800058634,0.5542168674698795,13.782960379526807,19.47565301515675,203.90717953488533,533.1832444427135,-619.6986301369863,10.207346290757503,-12.329321073411359,0.16470359926681113,0.6158132604652776,bounce_long_SPX_IC_thr0.020,bounce_long,SPX,IC,0.02,all
61,4.363529756669598,0.5573770491803278,18.797836844658743,19.313117996044188,146.0317879239094,492.61598080826684,-346.44902465955045,11.427551518093537,-11.586524770558459,0.26889296767850845,1.00536877080654,fade_short_SPX_IC_thr0.020,fade_short,SPX,IC,0.02,all
51,3.648197009674582,0.45098039215686275,-14.196817986790327,-55.88950646219736,240.99866243477504,607.6986301369861,-545.1832444427137,-8.325718108278457,-23.24003862461722,-0.1125163210844919,-0.4206893040045497,naive_short_SPX_IC_thr0.025,naive_short,SPX,IC,0.025,all
51,3.648197009674582,0.5490196078431373,2.196817986790306,43.88950646219737,240.99866243477504,533.1832444427135,-619.6986301369863,-0.34200888892168546,-11.111509928585296,0.0174107943199579,0.06509753317591357,bounce_long_SPX_IC_thr0.025,bounce_long,SPX,IC,0.025,all
33,2.360598065083553,0.5454545454545454,24.214904719302424,12.121623976301573,151.48029745575434,492.61598080826684,-233.01812191103787,7.916420838019489,-6.481304987972503,0.24560524588829288,0.918297887424025,fade_short_SPX_IC_thr0.025,fade_short,SPX,IC,0.025,all
208,36.277340957827015,0.44711538461538464,-8.743404237618634,-8.88169822542761,143.13413495233624,544.3565837536961,-443.12275575718,-18.38116800195827,-21.936441550896358,-0.36792141220921176,-0.8809860013152248,naive_short_SPX_IM_thr0.005,naive_short,SPX,IM,0.005,all
208,36.277340957827015,0.4951923076923077,-3.256595762381381,-3.1183017745723904,143.13413495233624,431.1227557571799,-556.3565837536961,-8.520673549012747,-22.656594376345783,-0.13703716302338412,-0.3281348088947432,bounce_long_SPX_IM_thr0.005,bounce_long,SPX,IM,0.005,all
282,49.18370264474625,0.5070921985815603,1.1702657687984597,0.8151626524304293,153.29743237638638,713.3359975407332,-1101.3783041651511,-0.021766772646003574,-28.852635968005792,0.053537764258117584,0.12819591164837146,fade_short_SPX_IM_thr0.005,fade_short,SPX,IM,0.005,all
106,18.487491065046463,0.39622641509433965,-13.53032088189929,-34.69652376037535,158.41781853590405,544.3565837536961,-443.12275575718,-14.498970355570984,-14.796044958420252,-0.36723414642244806,-0.879340346788933,naive_short_SPX_IM_thr0.010,naive_short,SPX,IM,0.01,all
106,18.487491065046463,0.5471698113207547,1.5303208818992817,22.69652376037535,158.41781853590405,431.1227557571799,-556.3565837536961,0.2951844145798743,-16.037797147841758,0.04153531078250696,0.0994560961808294,bounce_long_SPX_IM_thr0.010,bounce_long,SPX,IM,0.01,all
128,22.324517512508933,0.5078125,14.84663580135476,0.8151626524304293,142.90506701886903,713.3359975407332,-269.12407633489744,19.383608691775358,-7.788234685575679,0.490875625756082,1.175399257361113,fade_short_SPX_IM_thr0.010,fade_short,SPX,IM,0.01,all
51,8.894924946390278,0.37254901960784315,-16.029958061539002,-29.494860499266856,176.22457274211058,544.3565837536961,-443.12275575718,-8.56611822882355,-12.229538279592877,-0.2712920478274058,-0.6496074663580043,naive_short_SPX_IM_thr0.015,naive_short,SPX,IM,0.015,all
51,8.894924946390278,0.5490196078431373,4.029958061538993,17.494860499266856,176.22457274211058,431.1227557571799,-556.3565837536961,1.2809994379651357,-8.847422043125807,0.06820327108631942,0.16331239519375393,bounce_long_SPX_IM_thr0.015,bounce_long,SPX,IM,0.015,all
48,8.37169406719085,0.5,-5.094641523547028,-1.2930971900283414,105.57664276372223,285.0326086956516,-269.12407633489744,-2.672061852750862,-10.115479202352573,-0.1396215509173858,-0.3343231129211731,fade_short_SPX_IM_thr0.015,fade_short,SPX,IM,0.015,all
21,3.662616154395997,0.2857142857142857,-27.762915698620038,-59.12843029637637,182.23855640024405,544.3565837536961,-216.98109810981035,-5.979892621280691,-7.40834262583876,-0.2915550117109371,-0.6981270331300415,naive_short_SPX_IM_thr0.020,naive_short,SPX,IM,0.02,all
21,3.662616154395997,0.6666666666666666,15.762915698620036,47.12843029637637,182.23855640024408,204.98109810981038,-556.3565837536961,3.0144312671657847,-5.972611190631993,0.16553582199358519,0.3963747068073092,bounce_long_SPX_IM_thr0.020,bounce_long,SPX,IM,0.02,all
20,3.488205861329521,0.4,-19.666188970702212,-5.61089494163402,116.78607667955535,221.94117647058854,-269.12407633489744,-3.9856403856038725,-5.609904985974879,-0.31450691073286663,-0.7530852417879889,fade_short_SPX_IM_thr0.020,fade_short,SPX,IM,0.02,all
10,1.7441029306647604,0.3,-33.67191292954785,-130.50154001212633,247.15534002084098,544.3565837536961,-216.98109810981035,-3.577996939526662,-4.334920020867672,-0.1799218249107613,-0.4308219196205319,naive_short_SPX_IM_thr0.025,naive_short,SPX,IM,0.025,all
10,1.7441029306647604,0.7,21.671912929547844,118.50154001212633,247.155340020841,204.98109810981038,-556.3565837536961,1.9024740886408376,-5.563565837536966,0.11580126533796337,0.2772855569474829,bounce_long_SPX_IM_thr0.025,bounce_long,SPX,IM,0.025,all
11,1.9185132237312366,0.36363636363636365,-20.784399435769014,-15.014423076922904,133.10635879061334,221.94117647058854,-269.12407633489744,-2.3496980851954397,-3.6724873181508078,-0.2162823478524301,-0.5178870119177322,fade_short_SPX_IM_thr0.025,fade_short,SPX,IM,0.025,all
481,34.40750513046027,0.4802494802494803,-4.296705941228653,-3.329059829059838,124.96817034256624,853.8562628336758,-404.9614885331028,-21.65261851245527,-34.94376323189721,-0.20167999070688156,-0.7540649579042819,naive_short_SPX_IH_thr0.005,naive_short,SPX,IH,0.005,all
481,34.40750513046027,0.4594594594594595,-7.703294058771363,-8.670940170940161,124.96817034256625,392.96148853310274,-865.8562628336759,-33.53348458954846,-35.893501479423016,-0.36157938091083996,-1.3519156743807086,bounce_long_SPX_IH_thr0.005,bounce_long,SPX,IH,0.005,all
655,46.85429492817355,0.5099236641221374,1.3014559309421736,1.3969470782053741,105.30584753938692,536.177258478198,-663.6475009394956,5.01902029047987,-16.094886417964805,0.084596361137202,0.31629886175715205,fade_short_SPX_IH_thr0.005,fade_short,SPX,IH,0.005,all
250,17.8833186748754,0.448,-8.611895212875059,-11.493352505587799,121.98059382884304,531.984496124032,-357.7587939698497,-20.85610676145019,-29.02023177027272,-0.29856029511003973,-1.1162924768835791,naive_short_SPX_IH_thr0.010,naive_short,SPX,IH,0.01,all
250,17.8833186748754,0.496,-3.3881047871249486,-0.5066474944121987,121.98059382884307,345.75879396984965,-543.9844961240321,-9.815353047731723,-19.207814855846973,-0.11746004103666496,-0.43917346777587773,bounce_long_SPX_IH_thr0.010,bounce_long,SPX,IH,0.01,all
309,22.103781882146,0.5307443365695793,8.73158950486761,5.732229123533334,101.71824568649316,420.7241379310349,-460.1420118343198,28.8924212374833,-8.766796077275508,0.4035782399376907,1.5089459665435963,fade_short_SPX_IH_thr0.010,fade_short,SPX,IH,0.01,all
149,10.65845793022574,0.4429530201342282,-9.249464009503408,-15.309542280837578,133.4561741623589,531.984496124032,-293.3098684693942,-14.01826636209268,-22.678275993971365,-0.22626901376822794,-0.8460013001000218,naive_short_SPX_IH_thr0.015,naive_short,SPX,IH,0.015,all
149,10.65845793022574,0.5167785234899329,-2.7505359904966054,3.30954228083758,133.4561741623589,281.3098684693942,-543.9844961240321,-5.279096111216641,-10.417128440541145,-0.06728617628699728,-0.2515774991438624,bounce_long_SPX_IH_thr0.015,bounce_long,SPX,IH,0.015,all
123,8.798592788038698,0.6341463414634146,23.38314448999156,26.752613240418782,121.56739334255788,420.7241379310349,-460.1420118343198,32.08884980620388,-5.550273069530077,0.5705483028285045,2.133233348765995,fade_short_SPX_IH_thr0.015,fade_short,SPX,IH,0.015,all
83,5.937261800058634,0.42168674698795183,-14.769284036152646,-30.511520414594035,147.30639019743168,531.984496124032,-293.3098684693942,-12.325189119674073,-22.64198523125699,-0.24430421238026873,-0.9134334297551127,naive_short_SPX_IH_thr0.020,naive_short,SPX,IH,0.02,all
83,5.937261800058634,0.5662650602409639,2.769284036152636,18.511520414594035,147.30639019743168,281.3098684693942,-543.9844961240321,1.4117679709614972,-11.844019430105114,0.0458077557214994,0.17127144477126088,bounce_long_SPX_IH_thr0.020,bounce_long,SPX,IH,0.02,all
61,4.363529756669598,0.7213114754098361,25.570226153353044,39.45454545454519,135.2100822626338,399.5511612856843,-460.1420118343198,16.21682918910161,-6.4983118038349,0.3950430840404315,1.4770337180859523,fade_short_SPX_IH_thr0.020,fade_short,SPX,IH,0.02,all
51,3.648197009674582,0.4117647058823529,-5.878200281900172,-32.385224274405594,172.41834946170277,531.984496124032,-293.3098684693942,-3.6678580939140226,-17.079832645414463,-0.06511784766863728,-0.2434702961308345,naive_short_SPX_IH_thr0.025,naive_short,SPX,IH,0.025,all
51,3.648197009674582,0.5882352941176471,-6.121799718099837,20.385224274405594,172.41834946170277,281.3098684693942,-543.9844961240321,-3.7998961547562216,-9.14756706442187,-0.06781640678841737,-0.253559987537141,bounce_long_SPX_IH_thr0.025,bounce_long,SPX,IH,0.025,all
33,2.360598065083553,0.7272727272727273,28.383176382173225,45.2455516014243,137.39652558092757,399.5511612856843,-460.1420118343198,9.472834704050626,-4.601420118343203,0.31739221402449885,1.186703478459473,fade_short_SPX_IH_thr0.025,fade_short,SPX,IH,0.025,all
580,41.48929932571093,0.46551724137931033,-5.939904011403661,-6.838533087518244,118.12508974079131,620.5949937557691,-387.2113457027078,-31.951248923262465,-36.3367168372605,-0.3238958068293944,-1.2110198789980753,naive_short_NDX_IF_thr0.005,naive_short,NDX,IF,0.005,all
580,41.48929932571093,0.4724137931034483,-6.060095988596346,-5.161466912481754,118.12508974079131,375.2113457027077,-632.5949937557691,-32.44215177260632,-37.649477908702124,-0.330449730487505,-1.235524462472317,bounce_long_NDX_IF_thr0.005,bounce_long,NDX,IF,0.005,all
793,56.725886836704774,0.49936948297604034,-1.2252277342941689,-0.35736677115937837,106.78439523921429,600.4947468958925,-620.3497757847528,-13.27061513131339,-27.24443664109132,-0.08641709712658102,-0.3231064444150734,fade_short_NDX_IF_thr0.005,fade_short,NDX,IF,0.005,all
358,25.608912342421576,0.4748603351955307,-3.724983255885401,-4.8625680730836,131.27924050853144,620.5949937557691,-387.2113457027078,-15.131091694091147,-24.805514219756496,-0.14358988119149954,-0.5368707988167039,naive_short_NDX_IF_thr0.010,naive_short,NDX,IF,0.01,all
358,25.608912342421576,0.4692737430167598,-8.275016744114609,-7.137431926916398,131.27924050853144,375.2113457027077,-632.5949937557691,-27.914446039493214,-30.484262878064637,-0.3189836274479193,-1.1926536428358883,bounce_long_NDX_IF_thr0.010,bounce_long,NDX,IF,0.01,all
442,31.617707417179712,0.5113122171945701,5.56178428964184,3.236724103894312,102.92573614146465,600.4947468958925,-413.4626865671638,24.92177645942173,-10.756357198929479,0.3038472760630293,1.136060065407277,fade_short_NDX_IF_thr0.010,fade_short,NDX,IF,0.01,all
238,17.024919378481382,0.46638655462184875,-4.445349383514621,-5.732133290474833,135.59725454316455,620.5949937557691,-387.2113457027078,-11.975606031078767,-24.087854169349466,-0.13526876836239435,-0.5057588398504054,naive_short_NDX_IF_thr0.015,naive_short,NDX,IF,0.015,all
238,17.024919378481382,0.47478991596638653,-7.554650616485393,-6.2678667095251654,135.59725454316455,375.2113457027077,-632.5949937557691,-18.27292038502645,-25.21363429693566,-0.22988255728332255,-0.8595120431789194,bounce_long_NDX_IF_thr0.015,bounce_long,NDX,IF,0.015,all
234,16.738786279683378,0.5683760683760684,12.114938679078518,8.800845998567125,102.38364629085491,460.353354335588,-413.4626865671638,31.14845006684519,-6.93431056923165,0.4841195377881029,1.8100832789773134,fade_short_NDX_IF_thr0.015,fade_short,NDX,IF,0.015,all
152,10.873057754324245,0.506578947368421,5.922630194446805,1.0515630740103368,149.06005634046974,620.5949937557691,-387.2113457027078,7.606475118420142,-14.16324053289646,0.13101746215992133,0.48986355434701967,naive_short_NDX_IF_thr0.020,naive_short,NDX,IF,0.02,all
152,10.873057754324245,0.45394736842105265,-17.922630194446814,-13.051563074010335,149.06005634046974,375.2113457027077,-632.5949937557691,-25.143045396870956,-27.320120900103582,-0.39647545874279033,-1.4823892497172841,bounce_long_NDX_IF_thr0.020,bounce_long,NDX,IF,0.02,all
125,8.9416593374377,0.664,23.1222507233045,21.154089324796793,102.16623858809304,460.353354335588,-413.4626865671638,32.60946858040992,-5.639402801696014,0.6767554495980362,2.5303331670335303,fade_short_NDX_IF_thr0.020,fade_short,NDX,IF,0.02,all
91,6.509527997654646,0.5054945054945055,1.963986244769817,1.0696359137512048,159.0188819991296,620.5949937557691,-387.2113457027078,0.6565776125472045,-14.578997313653474,0.03151116760117864,0.11781767337163394,naive_short_NDX_IF_thr0.025,naive_short,NDX,IF,0.025,all
91,6.509527997654646,0.45054945054945056,-13.96398624476982,-13.069635913751203,159.0188819991296,375.2113457027077,-632.5949937557691,-12.945390665192901,-16.06357893600775,-0.2240451083154436,-0.8376862998575131,bounce_long_NDX_IF_thr0.025,bounce_long,NDX,IF,0.025,all
72,5.150395778364116,0.6944444444444444,22.88803839889599,19.550005558209744,117.16936884605374,460.353354335588,-413.4626865671638,17.320389164292283,-6.26646679393833,0.443317407223552,1.6575274564650038,fade_short_NDX_IF_thr0.025,fade_short,NDX,IF,0.025,all
580,41.48929932571093,0.4396551724137931,-13.127560284454644,-14.688427028695765,140.0324118407699,607.6986301369861,-545.1832444427137,-55.896263741093044,-59.7718050108717,-0.6038422582406855,-2.2577167196663916,naive_short_NDX_IC_thr0.005,naive_short,NDX,IC,0.005,all
580,41.48929932571093,0.5051724137931034,1.127560284454633,2.688427028695767,140.03241184076992,533.1832444427135,-619.6986301369863,0.8421271551191989,-23.58481655349952,0.05186558154860384,0.19392115910978452,bounce_long_NDX_IC_thr0.005,bounce_long,NDX,IC,0.005,all
793,56.725886836704774,0.501891551071879,1.6377556428735283,0.5573770491800248,127.01556393506866,601.359482410027,-758.8712871287136,6.831330560419224,-31.968273828872963,0.09711421652406736,0.3631020972306573,fade_short_NDX_IC_thr0.005,fade_short,NDX,IC,0.005,all
358,25.608912342421576,0.4692737430167598,-8.218280632624316,-8.800042648202217,154.71046969458126,607.6986301369861,-545.1832444427137,-28.608058688629868,-38.53487197946157,-0.2688170614616635,-1.0050849636821482,naive_short_NDX_IC_thr0.010,naive_short,NDX,IC,0.01,all
358,25.608912342421576,0.4888268156424581,-3.781719367375699,-3.199957351797783,154.71046969458126,533.1832444427135,-619.6986301369863,-16.33660669581829,-27.820852451000565,-0.12369870695033348,-0.46249932837851226,bounce_long_NDX_IC_thr0.010,bounce_long,NDX,IC,0.01,all
442,31.617707417179712,0.5294117647058824,9.714647493468918,6.949038396162794,123.47020562180893,601.359482410027,-446.16270605866,48.55905595649788,-18.01610358703176,0.4424152240048709,1.6541542673428098,fade_short_NDX_IC_thr0.010,fade_short,NDX,IC,0.01,all
238,17.024919378481382,0.44537815126050423,-13.512984186375489,-16.025862500572245,161.64325167344015,607.6986301369861,-545.1832444427137,-29.72335256191969,-36.973139209873715,-0.34493417277923905,-1.2896806052245129,naive_short_NDX_IC_thr0.015,naive_short,NDX,IC,0.015,all
238,17.024919378481382,0.5084033613445378,1.512984186375473,4.025862500572248,161.64325167344015,533.1832444427135,-619.6986301369863,0.48814178328469016,-22.433353320020455,0.03862062898598528,0.14439936688057461,bounce_long_NDX_IC_thr0.015,bounce_long,NDX,IC,0.015,all
234,16.738786279683378,0.5256410256410257,13.881318236731286,6.383444118965748,130.54151181943016,601.359482410027,-346.44902465955045,35.6607341677307,-15.386344817569775,0.4350548904548389,1.6266345833666596,fade_short_NDX_IC_thr0.015,fade_short,NDX,IC,0.015,all
152,10.873057754324245,0.48026315789473684,-8.17038019833856,-4.38215219991333,185.6058918176681,607.6986301369861,-545.1832444427137,-13.94482213607624,-24.967065440948254,-0.14515311342975346,-0.5427155960511839,naive_short_NDX_IC_thr0.020,naive_short,NDX,IC,0.02,all
152,10.873057754324245,0.47368421052631576,-3.829619801661459,-7.617847800086668,185.6058918176681,533.1832444427135,-619.6986301369863,-8.093788599060602,-24.228156164612745,-0.06803615302705665,-0.2543816007155647,bounce_long_NDX_IC_thr0.020,bounce_long,NDX,IC,0.02,all
125,8.9416593374377,0.552,19.96777502035192,15.796781341955064,124.05510883678231,492.61598080826684,-346.44902465955045,27.108972685439525,-11.663343166346941,0.4813091086383152,1.799575314696376,fade_short_NDX_IC_thr0.020,fade_short,NDX,IC,0.02,all
91,6.509527997654646,0.46153846153846156,-17.558271707948993,-20.627902724446695,194.32127522792698,607.6986301369861,-545.1832444427137,-16.21424483781607,-27.214766904026998,-0.23053462492622975,-0.8619500706598618,naive_short_NDX_IC_thr0.025,naive_short,NDX,IC,0.025,all
91,6.509527997654646,0.5164835164835165,5.558271707948993,8.627902724446695,194.32127522792698,533.1832444427135,-619.6986301369863,3.4066902462691395,-13.904165055843054,0.0729783719459126,0.27286015224632737,bounce_long_NDX_IC_thr0.025,bounce_long,NDX,IC,0.025,all
72,5.150395778364116,0.5833333333333334,24.654740582346346,19.5508260085352,135.48895802860815,492.61598080826684,-346.44902465955045,18.628516355811975,-8.326587241318183,0.4129684142423319,1.5440550587590662,fade_short_NDX_IC_thr0.025,fade_short,NDX,IC,0.025,all
262,45.69549678341672,0.4389312977099237,-13.952562326203395,-14.674432568720468,145.3478618840338,544.3565837536961,-510.291845493563,-32.524844906330216,-33.91959766711107,-0.6489063517699395,-1.5538030489749695,naive_short_NDX_IM_thr0.005,naive_short,NDX,IM,0.005,all
262,45.69549678341672,0.5190839694656488,1.952562326203381,2.6744325687204697,145.34786188403382,498.29184549356296,-556.3565837536961,2.379953178065586,-17.325727494825326,0.09080985026818593,0.21744373720307328,bounce_long_NDX_IM_thr0.005,bounce_long,NDX,IM,0.005,all
329,57.38098641887062,0.48936170212765956,-2.4720165642341234,-3.3747016706437925,150.73045550145133,713.3359975407332,-1101.3783041651511,-11.211876062563796,-34.32486034051006,-0.12423225541373267,-0.29747352097322644,fade_short_NDX_IM_thr0.005,fade_short,NDX,IM,0.005,all
157,27.38241601143674,0.4394904458598726,-13.320686528938031,-13.184805697864059,154.45690020825708,544.3565837536961,-510.291845493563,-20.378525753447917,-23.35630750238501,-0.45128944456204007,-1.0806103423369229,naive_short_NDX_IM_thr0.010,naive_short,NDX,IM,0.01,all
157,27.38241601143674,0.5095541401273885,1.3206865289380165,1.184805697864061,154.45690020825708,498.29184549356296,-556.3565837536961,0.20675310387145984,-12.715904963329782,0.044743331268266254,0.1071376853629217,bounce_long_NDX_IM_thr0.010,bounce_long,NDX,IM,0.01,all
194,33.83559685489635,0.5309278350515464,17.10071166439062,7.808804304064616,135.05718679616172,713.3359975407332,-309.63530488312085,36.909896125327755,-10.687757297212986,0.7365180693122807,1.7635888731881477,fade_short_NDX_IM_thr0.010,fade_short,NDX,IM,0.01,all
98,17.092208720514652,0.41836734693877553,-13.44499611586005,-18.52321688545388,156.72066386156283,544.3565837536961,-443.12275575718,-13.387031811282101,-16.399792790572874,-0.3546773967823914,-0.8492732718978977,naive_short_NDX_IM_thr0.015,naive_short,NDX,IM,0.015,all
98,17.092208720514652,0.5306122448979592,1.4449961158600395,6.5232168854538815,156.72066386156283,431.1227557571799,-556.3565837536961,0.2167883041571006,-12.981139110360262,0.038118825495928495,0.09127533906451471,bounce_long_NDX_IM_thr0.015,bounce_long,NDX,IM,0.015,all
105,18.313080771979983,0.5047619047619047,11.104012873765319,0.18556701030947895,140.80204850882544,713.3359975407332,-269.12407633489744,11.229405752449239,-9.860149473271406,0.3374828350246366,0.8081009788357086,fade_short_NDX_IM_thr0.015,fade_short,NDX,IM,0.015,all
52,9.069335239456754,0.38461538461538464,-5.352074681894806,-16.879262205180094,176.93499670837957,544.3565837536961,-443.12275575718,-3.514830451281925,-12.697264353708547,-0.09109533772878431,-0.21812733551508226,naive_short_NDX_IM_thr0.020,naive_short,NDX,IM,0.02,all
52,9.069335239456754,0.5384615384615384,-6.647925318105209,4.879262205180097,176.93499670837957,431.1227557571799,-556.3565837536961,-4.17371267291885,-15.071701130066085,-0.11315144837144345,-0.27094058333060567,bounce_long_NDX_IM_thr0.020,bounce_long,NDX,IM,0.02,all
52,9.069335239456754,0.5,-11.352513247482301,-1.4729426454475,108.5118808467557,285.0326086956516,-269.12407633489744,-6.0192571706455755,-11.845891925563857,-0.3150666635084055,-0.7544255670397485,fade_short_NDX_IM_thr0.020,fade_short,NDX,IM,0.02,all
26,4.534667619728377,0.3076923076923077,-5.884988325239803,-38.23469492294462,180.30653760545837,544.3565837536961,-216.98109810981035,-1.9131332484823904,-5.5079299892244915,-0.06950352988901047,-0.16642585846401978,naive_short_NDX_IM_thr0.025,naive_short,NDX,IM,0.025,all
26,4.534667619728377,0.5769230769230769,-6.115011674760194,26.23469492294462,180.30653760545837,204.98109810981038,-556.3565837536961,-1.9836387465453353,-9.141416905233356,-0.07222017669695625,-0.17293085580556342,bounce_long_NDX_IM_thr0.025,bounce_long,NDX,IM,0.025,all
24,4.185847033595425,0.4583333333333333,-2.5770625650030468,-4.401496185587155,104.00273742380648,221.94117647058854,-269.12407633489744,-0.7405015747221078,-3.137066552060097,-0.05069578691898645,-0.12139081096995291,fade_short_NDX_IM_thr0.025,fade_short,NDX,IM,0.025,all
580,41.48929932571093,0.46206896551724136,-5.020858905460435,-8.162061377527502,118.52262990227759,853.8562628336758,-404.9614885331028,-28.234488615341203,-36.21906985850409,-0.2728630868406671,-1.0202127210090128,naive_short_NDX_IH_thr0.005,naive_short,NDX,IH,0.005,all
580,41.48929932571093,0.4793103448275862,-6.979141094539573,-3.8379386224724974,118.5226299022776,392.96148853310274,-865.8562628336759,-35.97734970868578,-39.84650328242192,-0.3792876912915326,-1.4181255957267498,bounce_long_NDX_IH_thr0.005,bounce_long,NDX,IH,0.005,all
793,56.725886836704774,0.5081967213114754,-0.7797485282033432,1.3969470782053741,105.28154817825566,536.177258478198,-770.8016022030291,-10.051139371050699,-30.120762224022414,-0.05578185444854262,-0.20856378255043137,fade_short_NDX_IH_thr0.005,fade_short,NDX,IH,0.005,all
358,25.608912342421576,0.46368715083798884,-5.215772347732747,-8.65873883562251,131.11221682402763,853.8562628336758,-404.9614885331028,-19.528900195758535,-26.46597616158718,-0.20131263522543857,-0.7526914458633535,naive_short_NDX_IH_thr0.010,naive_short,NDX,IH,0.01,all
358,25.608912342421576,0.4776536312849162,-6.7842276522672655,-3.34126116437749,131.11221682402763,392.96148853310274,-865.8562628336759,-23.962981430165975,-26.700676072364317,-0.26185014521212646,-0.9790362347526373,bounce_long_NDX_IH_thr0.010,bounce_long,NDX,IH,0.01,all
442,31.617707417179712,0.5248868778280543,3.9073484322389724,2.598864260554451,101.59581517583584,536.177258478198,-460.1420118343198,16.179835436884815,-12.328727995821588,0.21625766494219098,0.8085696872532991,fade_short_NDX_IH_thr0.010,fade_short,NDX,IH,0.01,all
238,17.024919378481382,0.46218487394957986,-4.650135001147444,-10.832704085284687,128.41182238856965,531.984496124032,-357.7587939698497,-12.207716465614737,-23.366591336474094,-0.14941805676004866,-0.5586618696579561,naive_short_NDX_IH_thr0.015,naive_short,NDX,IH,0.015,all
238,17.024919378481382,0.4831932773109244,-7.34986499885257,-1.1672959147153104,128.41182238856965,345.75879396984965,-543.9844961240321,-17.68657950383711,-24.622795492856064,-0.23616573396390886,-0.883004325891474,bounce_long_NDX_IH_thr0.015,bounce_long,NDX,IH,0.015,all
234,16.738786279683378,0.6068376068376068,13.558634739937295,21.677774899996788,101.26952146443197,420.7241379310349,-460.1420118343198,35.68071545894745,-6.888228019919696,0.5477711885746592,2.0480715851185076,fade_short_NDX_IH_thr0.015,fade_short,NDX,IH,0.015,all
152,10.873057754324245,0.4934210526315789,9.231949095951421,-3.9325726608331277,137.32070778744432,531.984496124032,-293.3098684693942,13.441914697609803,-12.74432111798297,0.2216834212802555,0.8288561455693741,naive_short_NDX_IH_thr0.020,naive_short,NDX,IH,0.02,all
152,10.873057754324245,0.4605263157894737,-21.23194909595143,-8.067427339166871,137.32070778744432,281.3098684693942,-543.9844961240321,-28.641183947297122,-29.74414042789908,-0.5098350377714764,-1.9062314260715527,bounce_long_NDX_IH_thr0.020,bounce_long,NDX,IH,0.02,all
125,8.9416593374377,0.68,26.82796324572441,41.86005061062859,105.81203384012831,399.5511612856843,-460.1420118343198,38.81358892493773,-5.421209119045267,0.7581614539946602,2.834703546382231,fade_short_NDX_IH_thr0.020,fade_short,NDX,IH,0.02,all
91,6.509527997654646,0.4835164835164835,1.573995216199909,-11.223490784269645,144.11863511697115,531.984496124032,-293.3098684693942,0.5034748755548213,-14.537298137097299,0.027864933904608216,0.10418470438310586,naive_short_NDX_IH_thr0.025,naive_short,NDX,IH,0.025,all
91,6.509527997654646,0.4945054945054945,-13.573995216199911,-0.7765092157303529,144.11863511697115,281.3098684693942,-543.9844961240321,-12.456191724014253,-17.908659265809145,-0.24030471987968205,-0.8984796550473547,bounce_long_NDX_IH_thr0.025,bounce_long,NDX,IH,0.025,all
72,5.150395778364116,0.7222222222222222,27.725735702613,45.32793072637587,119.43690318548046,399.5511612856843,-460.1420118343198,21.442344024841397,-5.168806310830131,0.5268231446992773,1.9697485657267382,fade_short_NDX_IH_thr0.025,fade_short,NDX,IH,0.025,all
677,48.42802697156259,0.48005908419497784,-6.061974433981116,-2.4376590330783485,115.30422877826064,620.5949937557691,-543.4449339207055,-36.58677650732069,-45.616807158250495,-0.3658619568462261,-1.3679278748529524,naive_short_RUT_IF_thr0.005,naive_short,RUT,IF,0.005,all
677,48.42802697156259,0.4549483013293944,-5.938025566018892,-9.562340966921651,115.30422877826064,531.4449339207055,-632.5949937557691,-36.05638628410136,-40.66491855936979,-0.35838119692626846,-1.339957926548396,bounce_long_RUT_IF_thr0.005,bounce_long,RUT,IF,0.005,all
781,55.867487540310755,0.49167733674775926,-3.654237157575856,-1.6739920401449502,106.73170929733112,512.7684521299029,-608.0533422609087,-28.10875337108144,-31.000092008624346,-0.2559073944968129,-0.9568167768268806,fade_short_RUT_IF_thr0.005,fade_short,RUT,IF,0.005,all
404,28.89944297859865,0.4777227722772277,-10.211091807882207,-2.7033902599267132,121.54837470058789,620.5949937557691,-543.4449339207055,-35.76273798274172,-40.978054294294196,-0.45161437895093676,-1.6885491538302944,naive_short_RUT_IF_thr0.010,naive_short,RUT,IF,0.01,all
404,28.89944297859865,0.46782178217821785,-1.788908192117804,-9.296609740073286,121.54837470058787,531.4449339207055,-632.5949937557691,-9.703261491221527,-19.935298920474576,-0.07911951800882731,-0.29582139411858727,bounce_long_RUT_IF_thr0.010,bounce_long,RUT,IF,0.01,all
474,33.90677220756376,0.5168776371308017,3.4591700043932785,5.232495194759552,101.37341963304264,512.7684521299029,-413.4626865671638,14.996644071184019,-18.896988880951316,0.19869687365521674,0.7429113277097201,fade_short_RUT_IF_thr0.010,fade_short,RUT,IF,0.01,all
251,17.954851949574905,0.47410358565737054,-8.660236926650871,-4.769483182936567,130.53727496439973,620.5949937557691,-543.4449339207055,-21.24083937112796,-29.283100459853127,-0.2811163759911522,-1.0510710927989912,naive_short_RUT_IF_thr0.015,naive_short,RUT,IF,0.015,all
251,17.954851949574905,0.46613545816733065,-3.3397630733491463,-7.230516817063431,130.53727496439973,531.4449339207055,-632.5949937557691,-9.986110358824318,-19.78861919048508,-0.10841067049329169,-0.4053386128954715,bounce_long_RUT_IF_thr0.015,bounce_long,RUT,IF,0.015,all
272,19.457050718264437,0.5257352941176471,6.1512253778077985,6.632795638380379,108.52521477875648,512.7684521299029,-413.4626865671638,16.345237085678722,-14.765756588928225,0.25001697203729756,0.9347929699613375,fade_short_RUT_IF_thr0.015,fade_short,RUT,IF,0.015,all
140,10.014658457930226,0.4642857142857143,3.83371083558731,-5.732133290474833,142.39506893973353,620.5949937557691,-387.2113457027078,4.044932925410039,-12.977838573501932,0.08520056474529503,0.31855792953430434,naive_short_RUT_IF_thr0.020,naive_short,RUT,IF,0.02,all
140,10.014658457930226,0.4642857142857143,-15.833710835587318,-6.2678667095251654,142.39506893973353,375.2113457027077,-632.5949937557691,-21.027684198274986,-21.12817360285888,-0.3518891129406396,-1.3156845565419024,bounce_long_RUT_IF_thr0.020,bounce_long,RUT,IF,0.02,all
146,10.443858106127236,0.5753424657534246,13.72879584502896,8.63912197902928,118.82566346632478,512.7684521299029,-413.4626865671638,20.94394660993888,-7.411972159108848,0.37338140050661434,1.3960424584929088,fade_short_RUT_IF_thr0.020,fade_short,RUT,IF,0.02,all
85,6.080328349457637,0.49411764705882355,-7.108668739106546,-8.453987730062224,154.8445218536125,620.5949937557691,-387.2113457027078,-6.804293393798466,-15.784427465455853,-0.11320248167489662,-0.4232548022223233,naive_short_RUT_IF_thr0.025,naive_short,RUT,IF,0.025,all
85,6.080328349457637,0.4823529411764706,-4.891331260893466,-3.546012269937776,154.8445218536125,375.2113457027077,-632.5949937557691,-5.042544254318104,-9.045828392727628,-0.07789233930412895,-0.2912330735070284,bounce_long_RUT_IF_thr0.025,bounce_long,RUT,IF,0.025,all
84,6.008795074758135,0.5952380952380952,15.135310330734644,9.252347992479876,125.14380620766013,512.7684521299029,-413.4626865671638,12.81641595941525,-7.4530064865131145,0.29646652767441395,1.108464052022626,fade_short_RUT_IF_thr0.025,fade_short,RUT,IF,0.025,all
677,48.42802697156259,0.45937961595273263,-11.694925783506191,-7.637666325486896,140.5963482598339,607.6986301369861,-1019.0166704727106,-57.65989320010194,-65.29139152496526,-0.5788577032399853,-2.1643015159626096,naive_short_RUT_IC_thr0.005,naive_short,RUT,IC,0.005,all
677,48.42802697156259,0.48005908419497784,-0.30507421649381816,-4.362333674513102,140.5963482598339,1007.0166704727105,-619.6986301369863,-8.363144503783603,-38.763771326549566,-0.015100100979384391,-0.056458040133087806,bounce_long_RUT_IC_thr0.005,bounce_long,RUT,IC,0.005,all
781,55.867487540310755,0.499359795134443,-2.9377461630987685,-0.05116002379578735,131.8423121439734,601.359482410027,-758.8712871287136,-25.724886338192874,-44.73756125736873,-0.16654784874674572,-0.6227087581374938,fade_short_RUT_IC_thr0.005,fade_short,RUT,IC,0.005,all
404,28.89944297859865,0.4282178217821782,-18.164609235345623,-19.824026587971883,150.9938171845688,607.6986301369861,-1019.0166704727106,-54.199573769100716,-58.027084020885525,-0.6467130597569684,-2.4180071333429902,naive_short_RUT_IC_thr0.010,naive_short,RUT,IC,0.01,all
404,28.89944297859865,0.5297029702970297,6.164609235345605,7.8240265879718836,150.99381718456877,1007.0166704727105,-619.6986301369863,22.536496112907333,-23.833785646049876,0.21947806578953716,0.8206105021148905,bounce_long_RUT_IC_thr0.010,bounce_long,RUT,IC,0.01,all
474,33.90677220756376,0.5147679324894515,5.83275482465368,3.8164172835191192,123.15219390650795,599.46875,-353.382630868458,27.219045995231617,-28.066784975264035,0.2757876364427872,1.0311473723092341,fade_short_RUT_IC_thr0.010,fade_short,RUT,IC,0.01,all
251,17.954851949574905,0.44223107569721115,-18.982169748625772,-19.772455089819946,156.32382759871356,607.6986301369861,-564.4443035299081,-39.79956814606217,-48.02502724565674,-0.5145310486105198,-1.9237894257682497,naive_short_RUT_IC_thr0.015,naive_short,RUT,IC,0.015,all
251,17.954851949574905,0.5219123505976095,6.982169748625754,7.772455089819947,156.32382759871356,552.444303529908,-619.6986301369863,15.553872579074767,-22.591666716256842,0.18925882393382049,0.7076232332343155,bounce_long_RUT_IC_thr0.015,bounce_long,RUT,IC,0.015,all
272,19.457050718264437,0.5110294117647058,6.231118185074207,3.0356225130139305,132.38389286263663,599.46875,-351.6157635467983,15.704325147986342,-23.72420287252861,0.20762007629426366,0.7762744511351056,fade_short_RUT_IC_thr0.015,fade_short,RUT,IC,0.015,all
140,10.014658457930226,0.44285714285714284,-10.65711063973751,-20.20017890713332,176.5468755799375,607.6986301369861,-545.1832444427137,-15.706679610269003,-29.907904652011354,-0.1910282115631501,-0.7142388285819271,naive_short_RUT_IC_thr0.020,naive_short,RUT,IC,0.02,all
140,10.014658457930226,0.5214285714285715,-1.3428893602625172,8.20017890713332,176.5468755799375,533.1832444427135,-619.6986301369863,-3.9811184030634994,-16.52533428018469,-0.02407122919992974,-0.09000035338027212,bounce_long_RUT_IC_thr0.020,bounce_long,RUT,IC,0.02,all
146,10.443858106127236,0.5547945205479452,14.346504492115098,11.228854547438612,131.81195706695314,526.1288153906189,-309.4986048508248,21.754194254497673,-13.49469138232261,0.35174001014702744,1.315127073415319,fade_short_RUT_IC_thr0.020,fade_short,RUT,IC,0.02,all
85,6.080328349457637,0.4235294117647059,-31.109659031767492,-31.47565301515675,187.85156598803556,607.6986301369861,-545.1832444427137,-24.397445553011778,-33.170157156332,-0.4083607075939315,-1.5268272211947982,naive_short_RUT_IC_thr0.025,naive_short,RUT,IC,0.025,all
85,6.080328349457637,0.5529411764705883,19.109659031767475,19.47565301515675,187.85156598803556,533.1832444427135,-619.6986301369863,15.882776029714286,-11.77110203314542,0.25084279696292017,0.9378806616832249,bounce_long_RUT_IC_thr0.025,bounce_long,RUT,IC,0.025,all
84,6.008795074758135,0.5833333333333334,22.670817703433965,13.262194842270542,137.91095543602825,526.1288153906189,-233.01812191103787,20.014132226911908,-10.49201849001653,0.40296016347677666,1.5066350293066038,fade_short_RUT_IC_thr0.025,fade_short,RUT,IC,0.025,all
302,52.671908506075766,0.4735099337748344,-6.117820626619853,-8.343390899743891,162.26779114823523,614.7051426004928,-1122.7390255668108,-20.14183480770638,-25.30026922723072,-0.2736238456397824,-0.6551909446836234,naive_short_RUT_IM_thr0.005,naive_short,RUT,IM,0.005,all
302,52.671908506075766,0.49337748344370863,-5.8821793733801595,-3.6566091002561083,162.26779114823523,1110.7390255668108,-626.7051426004929,-19.51177479821904,-30.395876218053818,-0.2630846242670161,-0.6299548312472854,bounce_long_RUT_IM_thr0.005,bounce_long,RUT,IM,0.005,all
336,58.601858470335955,0.5119047619047619,-7.368444225748587,1.7179668746463208,143.3039271197068,713.3359975407332,-683.4193548387086,-24.58490063900378,-42.90620111688847,-0.3936165977215881,-0.9425129959026699,fade_short_RUT_IM_thr0.005,fade_short,RUT,IM,0.005,all
183,31.917083631165116,0.4262295081967213,-12.284220051146637,-21.903307888041063,168.54804119870053,544.3565837536961,-1122.7390255668108,-22.220568418624364,-27.096857139781704,-0.41175177365358406,-0.9859375849515732,naive_short_RUT_IM_thr0.010,naive_short,RUT,IM,0.01,all
183,31.917083631165116,0.5355191256830601,0.28422005114662735,9.903307888041065,168.54804119870053,1110.7390255668108,-556.3565837536961,-2.010494754645631,-14.221920362402084,0.00952670252407376,0.022811642062384067,bounce_long_RUT_IM_thr0.010,bounce_long,RUT,IM,0.01,all
205,35.75411007862759,0.526829268292683,1.9787356365449082,6.990151652467753,123.95300475230816,516.9629629629617,-353.39762328682036,2.5262538347650354,-24.794366898044707,0.09545390562584512,0.22856390478142619,fade_short_RUT_IM_thr0.010,fade_short,RUT,IM,0.01,all
103,17.96426018584703,0.4174757281553398,-15.69318601912518,-21.903307888041063,152.9236299106356,544.3565837536961,-575.4224429507223,-15.947173222423928,-20.804546591569217,-0.4349518603792117,-1.0414900778381655,naive_short_RUT_IM_thr0.015,naive_short,RUT,IM,0.015,all
103,17.96426018584703,0.5436893203883495,3.693186019125171,9.903307888041065,152.9236299106356,563.4224429507221,-556.3565837536961,2.643641786908457,-12.133312044048061,0.10236022996141957,0.24510106423526087,bounce_long_RUT_IM_thr0.015,bounce_long,RUT,IM,0.015,all
103,17.96426018584703,0.49514563106796117,1.048557111444517,-3.5812024879062707,129.54687100106491,366.84654877352995,-353.39762328682036,0.22608757329511953,-10.930559184843336,0.0343059800365697,0.08214549947539251,fade_short_RUT_IM_thr0.015,fade_short,RUT,IM,0.015,all
52,9.069335239456754,0.40384615384615385,-9.285084063032302,-24.590697357800945,160.28269966773135,544.3565837536961,-443.12275575718,-5.334696575905163,-13.59609561616766,-0.1744564050986321,-0.4177349989194916,naive_short_RUT_IM_thr0.020,naive_short,RUT,IM,0.02,all
52,9.069335239456754,0.5384615384615384,-2.714915936967719,12.590697357800947,160.28269966773138,431.1227557571799,-556.3565837536961,-2.0514801222032086,-7.772162388470905,-0.05101025163510411,-0.12214379517694354,bounce_long_RUT_IM_thr0.020,bounce_long,RUT,IM,0.02,all
55,9.592566118656183,0.45454545454545453,-22.646352435670558,-5.999999999999999,130.80447426816198,366.84654877352995,-353.39762328682036,-12.131909093177073,-15.082814002067234,-0.536220067297005,-1.283976298298035,fade_short_RUT_IM_thr0.020,fade_short,RUT,IM,0.02,all
29,5.0578984989278055,0.4482758620689655,-22.8506333540854,-19.686534216335033,177.3295940167855,544.3565837536961,-443.12275575718,-6.828768368402393,-8.022878944800116,-0.28980246626126943,-0.6939305717211903,naive_short_RUT_IM_thr0.025,naive_short,RUT,IM,0.025,all
29,5.0578984989278055,0.5517241379310345,10.850633354085401,7.686534216335034,177.3295940167855,431.1227557571799,-556.3565837536961,2.7383978969554024,-5.902040158497668,0.13761282927190882,0.32951323887883865,bounce_long_RUT_IM_thr0.025,bounce_long,RUT,IM,0.025,all
32,5.581129378127233,0.5625,3.628175161387026,7.4397346119991,132.233580806028,366.84654877352995,-269.12407633489744,0.895029576147155,-3.5228427172352195,0.06481977696519428,0.15521063525989984,fade_short_RUT_IM_thr0.025,fade_short,RUT,IM,0.025,all
677,48.42802697156259,0.47858197932053176,-4.779102467357981,-3.9041497834275627,115.60539533263598,853.8562628336758,-560.7652916073976,-30.835608752781685,-42.435746502352245,-0.2876846082542444,-1.0756291749746922,naive_short_RUT_IH_thr0.005,naive_short,RUT,IH,0.005,all
677,48.42802697156259,0.45937961595273263,-7.220897532642029,-8.095850216572437,115.60539533263598,548.7652916073974,-865.8562628336759,-41.40253857847219,-43.439372241291316,-0.43467180126618493,-1.6252022442838212,bounce_long_RUT_IH_thr0.005,bounce_long,RUT,IH,0.005,all
781,55.867487540310755,0.4980793854033291,-2.5574406034240704,-1.7791659631944898,102.87047047992452,485.07142857142793,-663.6475009394956,-21.427440400199306,-24.9059696549759,-0.1858208320222965,-0.6947688632149988,fade_short_RUT_IH_thr0.005,fade_short,RUT,IH,0.005,all
404,28.89944297859865,0.4752475247524752,-9.037887735086406,-5.004891590270726,118.6347397266484,531.984496124032,-560.7652916073976,-32.54637760157772,-39.98367169821579,-0.40954327286075515,-1.5312487358181426,naive_short_RUT_IH_thr0.010,naive_short,RUT,IH,0.01,all
404,28.89944297859865,0.4628712871287129,-2.9621122649136025,-6.995108409729272,118.6347397266484,548.7652916073974,-543.9844961240321,-13.762313391000259,-18.90802226857794,-0.13422529545750136,-0.5018573801699259,bounce_long_RUT_IH_thr0.010,bounce_long,RUT,IH,0.01,all
474,33.90677220756376,0.510548523206751,2.600777082150932,1.631352406433645,99.2100713164819,485.07142857142793,-460.1420118343198,10.523924888674907,-16.97439150524527,0.15264781493828838,0.5707376708129402,fade_short_RUT_IH_thr0.010,fade_short,RUT,IH,0.01,all
251,17.954851949574905,0.47410358565737054,-7.383214999824759,-4.4743306125556375,127.34831754172947,531.984496124032,-560.7652916073976,-18.59041653653807,-27.124690765924786,-0.2456649610095483,-0.9185211573688415,naive_short_RUT_IH_thr0.015,naive_short,RUT,IH,0.015,all
251,17.954851949574905,0.4701195219123506,-4.616785000175256,-7.525669387444361,127.34831754172947,548.7652916073974,-543.9844961240321,-12.735756835359712,-19.061047372496233,-0.15361631851225271,-0.5743588263086928,bounce_long_RUT_IH_thr0.015,bounce_long,RUT,IH,0.015,all
272,19.457050718264437,0.5220588235294118,6.386463174109969,3.5203733566356923,107.09014399073669,485.07142857142793,-460.1420118343198,17.13788060557906,-14.804646853872217,0.26305672882022846,0.9835475519857573,fade_short_RUT_IH_thr0.015,fade_short,RUT,IH,0.015,all
140,10.014658457930226,0.5,6.780098890084463,0.06551941312760742,135.7072126190005,531.984496124032,-293.3098684693942,8.564874411070944,-10.711763410671205,0.15810702584752015,0.5911492130290615,naive_short_RUT_IH_thr0.020,naive_short,RUT,IH,0.02,all
140,10.014658457930226,0.4642857142857143,-18.780098890084467,-12.065519413127605,135.7072126190005,281.3098684693942,-543.9844961240321,-24.12617778953322,-23.949238761519176,-0.43793838832881393,-1.6374157456194693,bounce_long_RUT_IH_thr0.020,bounce_long,RUT,IH,0.02,all
146,10.443858106127236,0.5753424657534246,17.304553428488695,21.90993013215226,115.04467823157673,485.07142857142793,-460.1420118343198,27.49521061545408,-7.2120535477062315,0.4860985702735897,1.8174827192620397,fade_short_RUT_IH_thr0.020,fade_short,RUT,IH,0.02,all
85,6.080328349457637,0.4588235294117647,-4.5796400628716905,-16.698456365583198,140.64608501329943,531.984496124032,-293.3098684693942,-4.610523288164837,-13.52087286505248,-0.08029106425274439,-0.30020170951827513,naive_short_RUT_IH_thr0.025,naive_short,RUT,IH,0.025,all
85,6.080328349457637,0.5294117647058824,-7.420359937128321,4.698456365583199,140.64608501329946,281.3098684693942,-543.9844961240321,-6.897994784265659,-9.818751607899657,-0.13009507042281998,-0.48641480723050734,bounce_long_RUT_IH_thr0.025,bounce_long,RUT,IH,0.025,all
84,6.008795074758135,0.5952380952380952,18.251899251522136,23.12322976271864,120.554717315653,485.07142857142793,-460.1420118343198,15.855910931813465,-6.703733905965881,0.37112272667161833,1.3875974621185228,fade_short_RUT_IH_thr0.025,fade_short,RUT,IH,0.025,all
