n_trades,trades_per_year,hit_rate,mean_ret_bps,median_ret_bps,std_ret_bps,best_ret_bps,worst_ret_bps,total_ret_pct,max_dd_pct,sharpe_ann,t_stat,name,family,us_code,cn_fut,threshold,hold_days
481,34.40750513046027,0.4781704781704782,-5.209198329591557,-2.4513839602564533,122.79303052760895,620.5949937557691,-387.2113457027078,-24.930288394644464,-33.876108359719446,-0.24884204767060747,-0.9304000240374333,naive_short_SPX_IF_thr0.005,naive_short,SPX,IF,0.005,1
481,34.40750513046027,0.4594594594594595,-6.7908016704084595,-9.548616039743546,122.79303052760896,375.2113457027077,-632.5949937557691,-30.449572277966976,-33.21501839116996,-0.3243948273940876,-1.2128856759955358,bounce_long_SPX_IF_thr0.005,bounce_long,SPX,IF,0.005,1
655,46.85429492817355,0.5099236641221374,1.598031244049662,2.2954942368151934,107.09018300669044,600.4947468958925,-608.0533422609087,6.955631363457693,-18.789584685387027,0.10214339976857119,0.38190580124843165,fade_short_SPX_IF_thr0.005,fade_short,SPX,IF,0.005,1
481,34.40750513046027,0.4781704781704782,-5.209198329591557,-2.4513839602564533,122.79303052760895,620.5949937557691,-387.2113457027078,-24.930288394644464,-33.876108359719446,-0.24884204767060747,-0.9304000240374333,multi_day_h1_SPX_IF_thr0.005,multi_day,SPX,IF,0.005,1
481,34.40750513046027,0.5239085239085239,5.350512460208102,9.93110871905168,205.95853515328142,1149.8985667034171,-653.4172185430472,16.900801325857074,-27.222997153807516,0.15238498516850282,0.5697549718421863,multi_day_h3_SPX_IF_thr0.005,multi_day,SPX,IF,0.005,3
481,34.40750513046027,0.49272349272349275,9.124806942510126,-2.368352788586042,274.3448990342943,1254.8599779492836,-757.953125,29.694179825963584,-47.435177709526776,0.19509825575209389,0.7294563902708553,multi_day_h5_SPX_IF_thr0.005,multi_day,SPX,IF,0.005,5
250,17.8833186748754,0.444,-9.181471883449657,-11.202533506857286,129.56272964223731,620.5949937557691,-387.2113457027078,-22.159869261975594,-29.85531180946558,-0.29967897679963745,-1.1204751360468315,naive_short_SPX_IF_thr0.010,naive_short,SPX,IF,0.01,1
250,17.8833186748754,0.5,-2.818528116550355,-0.7974664931427119,129.5627296422373,375.2113457027077,-632.5949937557691,-8.741142091963262,-18.667270761069965,-0.09199544830838897,-0.3439634423470045,bounce_long_SPX_IF_thr0.010,bounce_long,SPX,IF,0.01,1
309,22.103781882146,0.5307443365695793,8.990006618359542,6.810658467845571,101.95055826668877,460.353354335588,-413.4626865671638,29.916914971409557,-8.303683319818699,0.4145755603192594,1.550064046237679,fade_short_SPX_IF_thr0.010,fade_short,SPX,IF,0.01,1
250,17.8833186748754,0.444,-9.181471883449657,-11.202533506857286,129.56272964223731,620.5949937557691,-387.2113457027078,-22.159869261975594,-29.85531180946558,-0.29967897679963745,-1.1204751360468315,multi_day_h1_SPX_IF_thr0.010,multi_day,SPX,IF,0.01,1
250,17.8833186748754,0.512,-3.2915332039006397,6.3205365865064485,211.07692480357176,661.340748230536,-653.4172185430472,-12.87088694090458,-33.784654160241324,-0.06594494949636452,-0.24656276208505082,multi_day_h3_SPX_IF_thr0.010,multi_day,SPX,IF,0.01,3
250,17.8833186748754,0.456,7.878829610146398,-26.415280998820062,287.21652368859515,1089.1201898277106,-757.953125,10.011643930124968,-33.85507793698851,0.11600490286656497,0.4337328254040912,multi_day_h5_SPX_IF_thr0.010,multi_day,SPX,IF,0.01,5
149,10.65845793022574,0.44966442953020136,-9.953592641719828,-13.415858528236894,143.93644739668096,620.5949937557691,-387.2113457027078,-15.098777625356552,-24.19678487513216,-0.22576482142108348,-0.8441161662317954,naive_short_SPX_IF_thr0.015,naive_short,SPX,IF,0.015,1
149,10.65845793022574,0.5100671140939598,-2.0464073582801823,1.4158585282368965,143.936447396681,375.2113457027077,-632.5949937557691,-4.487237631505714,-10.52210968175361,-0.0464160839635375,-0.17354593421672662,bounce_long_SPX_IF_thr0.015,bounce_long,SPX,IF,0.015,1
123,8.798592788038698,0.6341463414634146,22.925903072415576,15.63393111300871,118.0446186720536,460.353354335588,-413.4626865671638,31.419824379475948,-5.065516884459087,0.5760853982804912,2.153936094904964,fade_short_SPX_IF_thr0.015,fade_short,SPX,IF,0.015,1
149,10.65845793022574,0.44966442953020136,-9.953592641719828,-13.415858528236894,143.93644739668096,620.5949937557691,-387.2113457027078,-15.098777625356552,-24.19678487513216,-0.22576482142108348,-0.8441161662317954,multi_day_h1_SPX_IF_thr0.015,multi_day,SPX,IF,0.015,1
149,10.65845793022574,0.5100671140939598,-23.645947282046727,7.70585134422675,212.82734043265043,661.340748230536,-653.4172185430472,-32.055862755038035,-44.650380054378324,-0.36272416256737555,-1.3561959191814914,multi_day_h3_SPX_IF_thr0.015,multi_day,SPX,IF,0.015,3
149,10.65845793022574,0.4429530201342282,-3.713781516813686,-31.279884434814548,316.0646413343335,1089.1201898277106,-757.953125,-12.049294861733728,-40.4208479300925,-0.0383607972750013,-0.1434278774059936,multi_day_h5_SPX_IF_thr0.015,multi_day,SPX,IF,0.015,5
83,5.937261800058634,0.4457831325301205,-10.79064795842346,-24.107258880544208,160.49990135385616,620.5949937557691,-387.2113457027078,-9.527200324631547,-21.100707407849896,-0.1638195972488449,-0.6125080493626363,naive_short_SPX_IF_thr0.020,naive_short,SPX,IF,0.02,1
83,5.937261800058634,0.5301204819277109,-1.2093520415765557,12.10725888054421,160.49990135385613,375.2113457027077,-632.5949937557691,-2.047800338757977,-11.24423565941961,-0.018359932151107344,-0.06864628174627259,bounce_long_SPX_IF_thr0.020,bounce_long,SPX,IF,0.02,1
61,4.363529756669598,0.6885245901639344,21.909842052198165,15.984190093082836,128.9648222200728,460.353354335588,-413.4626865671638,13.714719069519399,-7.2269120118037655,0.354884436660796,1.3268838264696374,fade_short_SPX_IF_thr0.020,fade_short,SPX,IF,0.02,1
83,5.937261800058634,0.4457831325301205,-10.79064795842346,-24.107258880544208,160.49990135385616,620.5949937557691,-387.2113457027078,-9.527200324631547,-21.100707407849896,-0.1638195972488449,-0.6125080493626363,multi_day_h1_SPX_IF_thr0.020,multi_day,SPX,IF,0.02,1
83,5.937261800058634,0.5180722891566265,-3.9796143912307502,15.379485874268857,234.07114980170988,661.340748230536,-653.4172185430472,-5.4011770957714145,-30.087468914856807,-0.04142725941671445,-0.15489312806225072,multi_day_h3_SPX_IF_thr0.020,multi_day,SPX,IF,0.02,3
83,5.937261800058634,0.42168674698795183,2.46487751566914,-39.58778625954128,321.1965615144413,1033.810426540285,-752.6835739367928,-2.090661773900493,-36.931017535874254,0.018698964430929214,0.06991389565738008,multi_day_h5_SPX_IF_thr0.020,multi_day,SPX,IF,0.02,5
51,3.648197009674582,0.43137254901960786,-2.0533471618868795,-28.284122562674646,191.78751684048717,620.5949937557691,-387.2113457027078,-1.9409955809932988,-15.786821793869754,-0.02044942907982257,-0.0764587395318481,naive_short_SPX_IF_thr0.025,naive_short,SPX,IF,0.025,1
51,3.648197009674582,0.5490196078431373,-9.946652838113124,16.284122562674646,191.78751684048717,375.2113457027077,-632.5949937557691,-5.828440890998243,-8.039227581376506,-0.09905941653222293,-0.3703750406551593,bounce_long_SPX_IF_thr0.025,bounce_long,SPX,IF,0.025,1
33,2.360598065083553,0.7272727272727273,23.49171571639161,9.974440894568344,133.95663446338688,460.353354335588,-413.4626865671638,7.742361088461958,-4.74449859298044,0.26943966649420076,1.0074128328773302,fade_short_SPX_IF_thr0.025,fade_short,SPX,IF,0.025,1
51,3.648197009674582,0.43137254901960786,-2.0533471618868795,-28.284122562674646,191.78751684048717,620.5949937557691,-387.2113457027078,-1.9409955809932988,-15.786821793869754,-0.02044942907982257,-0.0764587395318481,multi_day_h1_SPX_IF_thr0.025,multi_day,SPX,IF,0.025,1
51,3.648197009674582,0.5098039215686274,-1.5082557879716982,15.379485874268857,257.7111141660146,661.340748230536,-653.4172185430472,-2.401762215450376,-24.823240301704274,-0.01117843468472646,-0.04179525123156606,multi_day_h3_SPX_IF_thr0.025,multi_day,SPX,IF,0.025,3
51,3.648197009674582,0.37254901960784315,0.15527168205428205,-83.12486883525659,334.0907455409182,868.6208291203238,-505.97495115475357,-2.6200804763458097,-30.276147924340925,0.0008877014997022485,0.003319043161685864,multi_day_h5_SPX_IF_thr0.025,multi_day,SPX,IF,0.025,5
481,34.40750513046027,0.45114345114345117,-13.168115686368937,-14.294453084500828,142.82015194014392,607.6986301369861,-545.1832444427137,-49.475133115240986,-52.080211996612235,-0.5408299503757692,-2.0221188643160914,naive_short_SPX_IC_thr0.005,naive_short,SPX,IC,0.005,1
481,34.40750513046027,0.5031185031185031,1.1681156863689133,2.2944530845008306,142.82015194014392,533.1832444427135,-619.6986301369863,0.7026129822783389,-26.60273479011227,0.04797588081231844,0.17937788681149194,bounce_long_SPX_IC_thr0.005,bounce_long,SPX,IC,0.005,1
655,46.85429492817355,0.5099236641221374,4.608842570887949,3.5371669004207242,126.35443756893686,601.359482410027,-520.3255890321009,28.3859117008201,-28.852013053786894,0.24967558621561578,0.9335165563500848,fade_short_SPX_IC_thr0.005,fade_short,SPX,IC,0.005,1
481,34.40750513046027,0.45114345114345117,-13.168115686368937,-14.294453084500828,142.82015194014392,607.6986301369861,-545.1832444427137,-49.475133115240986,-52.080211996612235,-0.5408299503757692,-2.0221188643160914,multi_day_h1_SPX_IC_thr0.005,multi_day,SPX,IC,0.005,1
481,34.40750513046027,0.48232848232848236,-0.29541581302068837,-12.945540647198543,250.61129861147998,1182.3387320684858,-943.4391715653841,-15.117838045427723,-48.196815376258805,-0.00691448252309298,-0.02585268352319541,multi_day_h3_SPX_IC_thr0.005,multi_day,SPX,IC,0.005,3
481,34.40750513046027,0.4781704781704782,5.0809044276470745,-21.244935293718953,319.72356439499964,1347.694277340738,-1036.0911474591092,0.004040406135996655,-52.13744300860663,0.09321653843510501,0.3485289982644367,multi_day_h5_SPX_IC_thr0.005,multi_day,SPX,IC,0.005,5
250,17.8833186748754,0.432,-17.631362615173376,-25.212166307953638,155.35187988167806,607.6986301369861,-545.1832444427137,-37.57537095294157,-43.69457630934954,-0.47994715574176655,-1.7944830844260153,naive_short_SPX_IC_thr0.010,naive_short,SPX,IC,0.01,1
250,17.8833186748754,0.532,5.63136261517335,13.21216630795364,155.35187988167806,533.1832444427135,-619.6986301369863,11.692384247473564,-12.793673888299374,0.15329254630478759,0.573148268557589,bounce_long_SPX_IC_thr0.010,bounce_long,SPX,IC,0.01,1
309,22.103781882146,0.5469255663430421,11.065518990809032,9.550450609648214,125.09700185951961,601.359482410027,-351.6157635467983,37.4112723815079,-14.282796267091646,0.4158705624385524,1.5549059530383886,fade_short_SPX_IC_thr0.010,fade_short,SPX,IC,0.01,1
250,17.8833186748754,0.432,-17.631362615173376,-25.212166307953638,155.35187988167806,607.6986301369861,-545.1832444427137,-37.57537095294157,-43.69457630934954,-0.47994715574176655,-1.7944830844260153,multi_day_h1_SPX_IC_thr0.010,multi_day,SPX,IC,0.01,1
250,17.8833186748754,0.472,-8.428606105029779,-13.635274486103015,258.079267709351,911.266818900404,-943.4391715653841,-25.44441282268287,-40.80558825373187,-0.13811050028254096,-0.5163838426245029,multi_day_h3_SPX_IC_thr0.010,multi_day,SPX,IC,0.01,3
250,17.8833186748754,0.484,9.154864716732613,-20.179320357557977,334.1011674602303,1049.7644110275698,-1036.0911474591092,9.42653163681566,-44.98739753648031,0.11587720081157828,0.43325535788547265,multi_day_h5_SPX_IC_thr0.010,multi_day,SPX,IC,0.01,5
149,10.65845793022574,0.4429530201342282,-25.470510229558002,-25.922044174967013,175.07020438299705,607.6986301369861,-545.1832444427137,-33.14909618322546,-41.76287121159776,-0.47497701499177863,-1.7759001354567991,naive_short_SPX_IC_thr0.015,naive_short,SPX,IC,0.015,1
149,10.65845793022574,0.5302013422818792,13.47051022955798,13.922044174967015,175.07020438299705,533.1832444427135,-619.6986301369863,19.463205266771123,-12.659680266041985,0.2511996297516926,0.9392148302385753,bounce_long_SPX_IC_thr0.015,bounce_long,SPX,IC,0.015,1
123,8.798592788038698,0.5691056910569106,21.698770054198146,12.121623976301573,131.14718646702642,492.61598080826684,-346.44902465955045,29.200506145441718,-9.786711016194872,0.4907753582293041,1.8349688461732536,fade_short_SPX_IC_thr0.015,fade_short,SPX,IC,0.015,1
149,10.65845793022574,0.4429530201342282,-25.470510229558002,-25.922044174967013,175.07020438299705,607.6986301369861,-545.1832444427137,-33.14909618322546,-41.76287121159776,-0.47497701499177863,-1.7759001354567991,multi_day_h1_SPX_IC_thr0.015,multi_day,SPX,IC,0.015,1
149,10.65845793022574,0.48322147651006714,-32.51071496752801,-14.325008325007486,265.6973856072943,714.8853340688125,-943.4391715653841,-41.607349870583654,-47.045707825441355,-0.3994720764923342,-1.493593357914855,multi_day_h3_SPX_IC_thr0.015,multi_day,SPX,IC,0.015,3
149,10.65845793022574,0.4966442953020134,-12.635649652012253,-12.11484796264383,357.6926977478377,1049.7644110275698,-1036.0911474591092,-24.696821535244485,-45.03480625559849,-0.11532798104313344,-0.43120187017892836,multi_day_h5_SPX_IC_thr0.015,multi_day,SPX,IC,0.015,5
83,5.937261800058634,0.43373493975903615,-25.78296037952683,-31.47565301515675,203.9071795348853,607.6986301369861,-545.1832444427137,-20.650795357948383,-28.768638846229045,-0.3081011812650547,-1.151965068357005,naive_short_SPX_IC_thr0.020,naive_short,SPX,IC,0.02,1
83,5.937261800058634,0.5542168674698795,13.782960379526807,19.47565301515675,203.90717953488533,533.1832444427135,-619.6986301369863,10.207346290757503,-12.329321073411359,0.16470359926681113,0.6158132604652776,bounce_long_SPX_IC_thr0.020,bounce_long,SPX,IC,0.02,1
61,4.363529756669598,0.5573770491803278,18.797836844658743,19.313117996044188,146.0317879239094,492.61598080826684,-346.44902465955045,11.427551518093537,-11.586524770558459,0.26889296767850845,1.00536877080654,fade_short_SPX_IC_thr0.020,fade_short,SPX,IC,0.02,1
83,5.937261800058634,0.43373493975903615,-25.78296037952683,-31.47565301515675,203.9071795348853,607.6986301369861,-545.1832444427137,-20.650795357948383,-28.768638846229045,-0.3081011812650547,-1.151965068357005,multi_day_h1_SPX_IC_thr0.020,multi_day,SPX,IC,0.02,1
83,5.937261800058634,0.5060240963855421,-12.332982048645192,4.492678971716352,286.24938269229887,714.8853340688125,-943.4391715653841,-12.73671129893894,-27.355097083243017,-0.10498243463926141,-0.39252071997563076,multi_day_h3_SPX_IC_thr0.020,multi_day,SPX,IC,0.02,3
83,5.937261800058634,0.4819277108433735,-8.076999807247404,-23.04814522494047,341.93691751228596,835.0757946210256,-745.306460130258,-10.863511545581039,-34.304166565470496,-0.05755687150121778,-0.2152004258506098,multi_day_h5_SPX_IC_thr0.020,multi_day,SPX,IC,0.02,5
51,3.648197009674582,0.45098039215686275,-14.196817986790327,-55.88950646219736,240.99866243477504,607.6986301369861,-545.1832444427137,-8.325718108278457,-23.24003862461722,-0.1125163210844919,-0.4206893040045497,naive_short_SPX_IC_thr0.025,naive_short,SPX,IC,0.025,1
51,3.648197009674582,0.5490196078431373,2.196817986790306,43.88950646219737,240.99866243477504,533.1832444427135,-619.6986301369863,-0.34200888892168546,-11.111509928585296,0.0174107943199579,0.06509753317591357,bounce_long_SPX_IC_thr0.025,bounce_long,SPX,IC,0.025,1
33,2.360598065083553,0.5454545454545454,24.214904719302424,12.121623976301573,151.48029745575434,492.61598080826684,-233.01812191103787,7.916420838019489,-6.481304987972503,0.24560524588829288,0.918297887424025,fade_short_SPX_IC_thr0.025,fade_short,SPX,IC,0.025,1
51,3.648197009674582,0.45098039215686275,-14.196817986790327,-55.88950646219736,240.99866243477504,607.6986301369861,-545.1832444427137,-8.325718108278457,-23.24003862461722,-0.1125163210844919,-0.4206893040045497,multi_day_h1_SPX_IC_thr0.025,multi_day,SPX,IC,0.025,1
51,3.648197009674582,0.5294117647058824,5.544744918945551,10.303679094377134,313.0546140897116,714.8853340688125,-943.4391715653841,0.3660352551683843,-22.096600073462547,0.033829891423151195,0.1264871917263258,multi_day_h3_SPX_IC_thr0.025,multi_day,SPX,IC,0.025,3
51,3.648197009674582,0.49019607843137253,11.100777890083862,-23.777145701485253,354.41002378616514,835.0757946210256,-719.9798341573567,2.5660821225099495,-24.607329127928736,0.05982553046378933,0.22368275579873548,multi_day_h5_SPX_IC_thr0.025,multi_day,SPX,IC,0.025,5
208,36.277340957827015,0.44711538461538464,-8.743404237618634,-8.88169822542761,143.13413495233624,544.3565837536961,-443.12275575718,-18.38116800195827,-21.936441550896358,-0.36792141220921176,-0.8809860013152248,naive_short_SPX_IM_thr0.005,naive_short,SPX,IM,0.005,1
208,36.277340957827015,0.4951923076923077,-3.256595762381381,-3.1183017745723904,143.13413495233624,431.1227557571799,-556.3565837536961,-8.520673549012747,-22.656594376345783,-0.13703716302338412,-0.3281348088947432,bounce_long_SPX_IM_thr0.005,bounce_long,SPX,IM,0.005,1
282,49.18370264474625,0.5070921985815603,1.1702657687984597,0.8151626524304293,153.29743237638638,713.3359975407332,-1101.3783041651511,-0.021766772646003574,-28.852635968005792,0.053537764258117584,0.12819591164837146,fade_short_SPX_IM_thr0.005,fade_short,SPX,IM,0.005,1
208,36.277340957827015,0.44711538461538464,-8.743404237618634,-8.88169822542761,143.13413495233624,544.3565837536961,-443.12275575718,-18.38116800195827,-21.936441550896358,-0.36792141220921176,-0.8809860013152248,multi_day_h1_SPX_IM_thr0.005,multi_day,SPX,IM,0.005,1
208,36.277340957827015,0.4807692307692308,11.216653469821695,-15.254746408325907,288.9810747992997,1117.926534194195,-909.463919111145,15.94393555934268,-33.356522510491246,0.2337822985375178,0.5597905572555674,multi_day_h3_SPX_IM_thr0.005,multi_day,SPX,IM,0.005,3
208,36.277340957827015,0.5,5.188979402877016,3.0191309057446882,329.88592501372415,1197.8488058672347,-925.2264811041473,-0.46345722644555165,-39.67681908559708,0.094740546151583,0.22685576904951302,multi_day_h5_SPX_IM_thr0.005,multi_day,SPX,IM,0.005,5
106,18.487491065046463,0.39622641509433965,-13.53032088189929,-34.69652376037535,158.41781853590405,544.3565837536961,-443.12275575718,-14.498970355570984,-14.796044958420252,-0.36723414642244806,-0.879340346788933,naive_short_SPX_IM_thr0.010,naive_short,SPX,IM,0.01,1
106,18.487491065046463,0.5471698113207547,1.5303208818992817,22.69652376037535,158.41781853590405,431.1227557571799,-556.3565837536961,0.2951844145798743,-16.037797147841758,0.04153531078250696,0.0994560961808294,bounce_long_SPX_IM_thr0.010,bounce_long,SPX,IM,0.01,1
128,22.324517512508933,0.5078125,14.84663580135476,0.8151626524304293,142.90506701886903,713.3359975407332,-269.12407633489744,19.383608691775358,-7.788234685575679,0.490875625756082,1.175399257361113,fade_short_SPX_IM_thr0.010,fade_short,SPX,IM,0.01,1
106,18.487491065046463,0.39622641509433965,-13.53032088189929,-34.69652376037535,158.41781853590405,544.3565837536961,-443.12275575718,-14.498970355570984,-14.796044958420252,-0.36723414642244806,-0.879340346788933,multi_day_h1_SPX_IM_thr0.010,multi_day,SPX,IM,0.01,1
106,18.487491065046463,0.42452830188679247,-13.071415118718493,-58.3298964798824,297.576160384246,1111.01901399464,-909.463919111145,-16.859205990044778,-36.12464682352214,-0.1888702085477823,-0.45224877996898843,multi_day_h3_SPX_IM_thr0.010,multi_day,SPX,IM,0.01,3
106,18.487491065046463,0.5094339622641509,0.4843863474963313,16.372291629834674,331.2968774001685,1015.0895147428256,-925.2264811041473,-5.094978036000275,-30.639786869820394,0.006286566877862413,0.015053153287472837,multi_day_h5_SPX_IM_thr0.010,multi_day,SPX,IM,0.01,5
51,8.894924946390278,0.37254901960784315,-16.029958061539002,-29.494860499266856,176.22457274211058,544.3565837536961,-443.12275575718,-8.56611822882355,-12.229538279592877,-0.2712920478274058,-0.6496074663580043,naive_short_SPX_IM_thr0.015,naive_short,SPX,IM,0.015,1
51,8.894924946390278,0.5490196078431373,4.029958061538993,17.494860499266856,176.22457274211058,431.1227557571799,-556.3565837536961,1.2809994379651357,-8.847422043125807,0.06820327108631942,0.16331239519375393,bounce_long_SPX_IM_thr0.015,bounce_long,SPX,IM,0.015,1
48,8.37169406719085,0.5,-5.094641523547028,-1.2930971900283414,105.57664276372223,285.0326086956516,-269.12407633489744,-2.672061852750862,-10.115479202352573,-0.1396215509173858,-0.3343231129211731,fade_short_SPX_IM_thr0.015,fade_short,SPX,IM,0.015,1
51,8.894924946390278,0.37254901960784315,-16.029958061539002,-29.494860499266856,176.22457274211058,544.3565837536961,-443.12275575718,-8.56611822882355,-12.229538279592877,-0.2712920478274058,-0.6496074663580043,multi_day_h1_SPX_IM_thr0.015,multi_day,SPX,IM,0.015,1
51,8.894924946390278,0.45098039215686275,-20.005834434694567,-29.59312582106643,320.00965281098115,1111.01901399464,-909.463919111145,-11.979381739200356,-27.821056718747727,-0.18645100802719913,-0.4464560162909769,multi_day_h3_SPX_IM_thr0.015,multi_day,SPX,IM,0.015,3
51,8.894924946390278,0.5294117647058824,-32.92692551761909,29.31250000000097,353.6439656297108,1015.0895147428256,-925.2264811041473,-18.10456493736543,-32.99172405831931,-0.2776873354955473,-0.6649209510399254,multi_day_h5_SPX_IM_thr0.015,multi_day,SPX,IM,0.015,5
21,3.662616154395997,0.2857142857142857,-27.762915698620038,-59.12843029637637,182.23855640024405,544.3565837536961,-216.98109810981035,-5.979892621280691,-7.40834262583876,-0.2915550117109371,-0.6981270331300415,naive_short_SPX_IM_thr0.020,naive_short,SPX,IM,0.02,1
21,3.662616154395997,0.6666666666666666,15.762915698620036,47.12843029637637,182.23855640024408,204.98109810981038,-556.3565837536961,3.0144312671657847,-5.972611190631993,0.16553582199358519,0.3963747068073092,bounce_long_SPX_IM_thr0.020,bounce_long,SPX,IM,0.02,1
20,3.488205861329521,0.4,-19.666188970702212,-5.61089494163402,116.78607667955535,221.94117647058854,-269.12407633489744,-3.9856403856038725,-5.609904985974879,-0.31450691073286663,-0.7530852417879889,fade_short_SPX_IM_thr0.020,fade_short,SPX,IM,0.02,1
21,3.662616154395997,0.2857142857142857,-27.762915698620038,-59.12843029637637,182.23855640024405,544.3565837536961,-216.98109810981035,-5.979892621280691,-7.40834262583876,-0.2915550117109371,-0.6981270331300415,multi_day_h1_SPX_IM_thr0.020,multi_day,SPX,IM,0.02,1
21,3.662616154395997,0.47619047619047616,33.421582741412266,-1.1474818897090286,300.8784077347848,620.7254038179149,-520.320987654322,6.302304541158521,-12.026695369492103,0.21258454800348545,0.5090326484735808,multi_day_h3_SPX_IM_thr0.020,multi_day,SPX,IM,0.02,3
21,3.662616154395997,0.5238095238095238,-17.18095896797631,29.31250000000097,335.88272652669974,612.5022026431719,-752.4324917672883,-4.637443937008334,-14.327458656350512,-0.09789385565918828,-0.23440635306508747,multi_day_h5_SPX_IM_thr0.020,multi_day,SPX,IM,0.02,5
10,1.7441029306647604,0.3,-33.67191292954785,-130.50154001212633,247.15534002084098,544.3565837536961,-216.98109810981035,-3.577996939526662,-4.334920020867672,-0.1799218249107613,-0.4308219196205319,naive_short_SPX_IM_thr0.025,naive_short,SPX,IM,0.025,1
10,1.7441029306647604,0.7,21.671912929547844,118.50154001212633,247.155340020841,204.98109810981038,-556.3565837536961,1.9024740886408376,-5.563565837536966,0.11580126533796337,0.2772855569474829,bounce_long_SPX_IM_thr0.025,bounce_long,SPX,IM,0.025,1
11,1.9185132237312366,0.36363636363636365,-20.784399435769014,-15.014423076922904,133.10635879061334,221.94117647058854,-269.12407633489744,-2.3496980851954397,-3.6724873181508078,-0.2162823478524301,-0.5178870119177322,fade_short_SPX_IM_thr0.025,fade_short,SPX,IM,0.025,1
10,1.7441029306647604,0.3,-33.67191292954785,-130.50154001212633,247.15534002084098,544.3565837536961,-216.98109810981035,-3.577996939526662,-4.334920020867672,-0.1799218249107613,-0.4308219196205319,multi_day_h1_SPX_IM_thr0.025,multi_day,SPX,IM,0.025,1
10,1.7441029306647604,0.5,62.08988582218053,-40.236786718432334,322.86449003352527,620.7254038179149,-342.9782843061753,5.8994930372000765,-4.238630347223893,0.2539724654917572,0.6081358121405638,multi_day_h3_SPX_IM_thr0.025,multi_day,SPX,IM,0.025,3
10,1.7441029306647604,0.6,12.628150599918834,116.94444602459932,320.6856335958382,612.5022026431719,-490.1871406168319,0.804644710389657,-7.745401645140104,0.052005144096119615,0.12452606025280798,multi_day_h5_SPX_IM_thr0.025,multi_day,SPX,IM,0.025,5
481,34.40750513046027,0.4802494802494803,-4.296705941228653,-3.329059829059838,124.96817034256624,853.8562628336758,-404.9614885331028,-21.65261851245527,-34.94376323189721,-0.20167999070688156,-0.7540649579042819,naive_short_SPX_IH_thr0.005,naive_short,SPX,IH,0.005,1
481,34.40750513046027,0.4594594594594595,-7.703294058771363,-8.670940170940161,124.96817034256625,392.96148853310274,-865.8562628336759,-33.53348458954846,-35.893501479423016,-0.36157938091083996,-1.3519156743807086,bounce_long_SPX_IH_thr0.005,bounce_long,SPX,IH,0.005,1
655,46.85429492817355,0.5099236641221374,1.3014559309421736,1.3969470782053741,105.30584753938692,536.177258478198,-663.6475009394956,5.01902029047987,-16.094886417964805,0.084596361137202,0.31629886175715205,fade_short_SPX_IH_thr0.005,fade_short,SPX,IH,0.005,1
481,34.40750513046027,0.4802494802494803,-4.296705941228653,-3.329059829059838,124.96817034256624,853.8562628336758,-404.9614885331028,-21.65261851245527,-34.94376323189721,-0.20167999070688156,-0.7540649579042819,multi_day_h1_SPX_IH_thr0.005,multi_day,SPX,IH,0.005,1
481,34.40750513046027,0.5072765072765073,9.36747309769923,3.7717997355872837,204.66551964279992,1170.2063655030806,-649.3121019108268,42.008546231642896,-24.919711381409073,0.26847531691375776,1.003807208822941,multi_day_h3_SPX_IH_thr0.005,multi_day,SPX,IH,0.005,3
481,34.40750513046027,0.4885654885654886,9.498595583708001,-4.812633578721964,273.9344322821129,1271.5924024640663,-854.2388552559183,32.12044510014827,-50.490634692491746,0.20339457472940076,0.7604756470570961,multi_day_h5_SPX_IH_thr0.005,multi_day,SPX,IH,0.005,5
250,17.8833186748754,0.448,-8.611895212875059,-11.493352505587799,121.98059382884304,531.984496124032,-357.7587939698497,-20.85610676145019,-29.02023177027272,-0.29856029511003973,-1.1162924768835791,naive_short_SPX_IH_thr0.010,naive_short,SPX,IH,0.01,1
250,17.8833186748754,0.496,-3.3881047871249486,-0.5066474944121987,121.98059382884307,345.75879396984965,-543.9844961240321,-9.815353047731723,-19.207814855846973,-0.11746004103666496,-0.43917346777587773,bounce_long_SPX_IH_thr0.010,bounce_long,SPX,IH,0.01,1
309,22.103781882146,0.5307443365695793,8.73158950486761,5.732229123533334,101.71824568649316,420.7241379310349,-460.1420118343198,28.8924212374833,-8.766796077275508,0.4035782399376907,1.5089459665435963,fade_short_SPX_IH_thr0.010,fade_short,SPX,IH,0.01,1
250,17.8833186748754,0.448,-8.611895212875059,-11.493352505587799,121.98059382884304,531.984496124032,-357.7587939698497,-20.85610676145019,-29.02023177027272,-0.29856029511003973,-1.1162924768835791,multi_day_h1_SPX_IH_thr0.010,multi_day,SPX,IH,0.01,1
250,17.8833186748754,0.496,3.8729109971899867,-2.7183709158430323,207.57417857423718,658.5468998410175,-649.3121019108268,4.421918581706752,-24.35224749910505,0.07890204263280952,0.2950082715094117,multi_day_h3_SPX_IH_thr0.010,multi_day,SPX,IH,0.01,3
250,17.8833186748754,0.46,6.7191693946725275,-29.8635447710378,287.6127613337535,1115.7806041335455,-854.2388552559183,6.836148485636051,-35.32231720199237,0.09879421076946984,0.3693834580414084,multi_day_h5_SPX_IH_thr0.010,multi_day,SPX,IH,0.01,5
149,10.65845793022574,0.4429530201342282,-9.249464009503408,-15.309542280837578,133.4561741623589,531.984496124032,-293.3098684693942,-14.01826636209268,-22.678275993971365,-0.22626901376822794,-0.8460013001000218,naive_short_SPX_IH_thr0.015,naive_short,SPX,IH,0.015,1
149,10.65845793022574,0.5167785234899329,-2.7505359904966054,3.30954228083758,133.4561741623589,281.3098684693942,-543.9844961240321,-5.279096111216641,-10.417128440541145,-0.06728617628699728,-0.2515774991438624,bounce_long_SPX_IH_thr0.015,bounce_long,SPX,IH,0.015,1
123,8.798592788038698,0.6341463414634146,23.38314448999156,26.752613240418782,121.56739334255788,420.7241379310349,-460.1420118343198,32.08884980620388,-5.550273069530077,0.5705483028285045,2.133233348765995,fade_short_SPX_IH_thr0.015,fade_short,SPX,IH,0.015,1
149,10.65845793022574,0.4429530201342282,-9.249464009503408,-15.309542280837578,133.4561741623589,531.984496124032,-293.3098684693942,-14.01826636209268,-22.678275993971365,-0.22626901376822794,-0.8460013001000218,multi_day_h1_SPX_IH_thr0.015,multi_day,SPX,IH,0.015,1
149,10.65845793022574,0.47651006711409394,-17.81166412383491,-11.248425472357264,209.23500393538293,658.5468998410175,-649.3121019108268,-25.77851889446585,-40.899146785821706,-0.2779184270954228,-1.039114223944594,multi_day_h3_SPX_IH_thr0.015,multi_day,SPX,IH,0.015,3
149,10.65845793022574,0.4697986577181208,-2.5602651937635272,-22.994158258099024,317.3968469631705,1115.7806041335455,-854.2388552559183,-10.583086128300923,-39.747949303746225,-0.02633477011771698,-0.09846354737836471,multi_day_h5_SPX_IH_thr0.015,multi_day,SPX,IH,0.015,5
83,5.937261800058634,0.42168674698795183,-14.769284036152646,-30.511520414594035,147.30639019743168,531.984496124032,-293.3098684693942,-12.325189119674073,-22.64198523125699,-0.24430421238026873,-0.9134334297551127,naive_short_SPX_IH_thr0.020,naive_short,SPX,IH,0.02,1
83,5.937261800058634,0.5662650602409639,2.769284036152636,18.511520414594035,147.30639019743168,281.3098684693942,-543.9844961240321,1.4117679709614972,-11.844019430105114,0.0458077557214994,0.17127144477126088,bounce_long_SPX_IH_thr0.020,bounce_long,SPX,IH,0.02,1
61,4.363529756669598,0.7213114754098361,25.570226153353044,39.45454545454519,135.2100822626338,399.5511612856843,-460.1420118343198,16.21682918910161,-6.4983118038349,0.3950430840404315,1.4770337180859523,fade_short_SPX_IH_thr0.020,fade_short,SPX,IH,0.02,1
83,5.937261800058634,0.42168674698795183,-14.769284036152646,-30.511520414594035,147.30639019743168,531.984496124032,-293.3098684693942,-12.325189119674073,-22.64198523125699,-0.24430421238026873,-0.9134334297551127,multi_day_h1_SPX_IH_thr0.020,multi_day,SPX,IH,0.02,1
83,5.937261800058634,0.46987951807228917,0.7991767078296281,-11.248425472357264,235.6062153970852,658.5468998410175,-649.3121019108268,-1.5953053375329262,-28.86141744724603,0.008265120207392215,0.030902607142218503,multi_day_h3_SPX_IH_thr0.020,multi_day,SPX,IH,0.02,3
83,5.937261800058634,0.4457831325301205,6.7598043983322675,-44.00442233278023,339.99945978304044,1115.7806041335455,-854.2388552559183,0.9576074198321516,-35.87622382766477,0.048445004661548004,0.18113190243982127,multi_day_h5_SPX_IH_thr0.020,multi_day,SPX,IH,0.02,5
51,3.648197009674582,0.4117647058823529,-5.878200281900172,-32.385224274405594,172.41834946170277,531.984496124032,-293.3098684693942,-3.6678580939140226,-17.079832645414463,-0.06511784766863728,-0.2434702961308345,naive_short_SPX_IH_thr0.025,naive_short,SPX,IH,0.025,1
51,3.648197009674582,0.5882352941176471,-6.121799718099837,20.385224274405594,172.41834946170277,281.3098684693942,-543.9844961240321,-3.7998961547562216,-9.14756706442187,-0.06781640678841737,-0.253559987537141,bounce_long_SPX_IH_thr0.025,bounce_long,SPX,IH,0.025,1
33,2.360598065083553,0.7272727272727273,28.383176382173225,45.2455516014243,137.39652558092757,399.5511612856843,-460.1420118343198,9.472834704050626,-4.601420118343203,0.31739221402449885,1.186703478459473,fade_short_SPX_IH_thr0.025,fade_short,SPX,IH,0.025,1
51,3.648197009674582,0.4117647058823529,-5.878200281900172,-32.385224274405594,172.41834946170277,531.984496124032,-293.3098684693942,-3.6678580939140226,-17.079832645414463,-0.06511784766863728,-0.2434702961308345,multi_day_h1_SPX_IH_thr0.025,multi_day,SPX,IH,0.025,1
51,3.648197009674582,0.49019607843137253,0.6354111858126424,-11.248425472357264,249.99653761507363,658.5468998410175,-649.3121019108268,-1.224617022489105,-24.844673330375223,0.004854673239752913,0.01815122541082314,multi_day_h3_SPX_IH_thr0.025,multi_day,SPX,IH,0.025,3
51,3.648197009674582,0.35294117647058826,0.03604206058795964,-98.25700164744666,346.28253005931856,1115.7806041335455,-706.6369426751592,-2.8662954103727545,-30.866240630996977,0.00019880082024514043,0.0007432999754911901,multi_day_h5_SPX_IH_thr0.025,multi_day,SPX,IH,0.025,5
580,41.48929932571093,0.46551724137931033,-5.939904011403661,-6.838533087518244,118.12508974079131,620.5949937557691,-387.2113457027078,-31.951248923262465,-36.3367168372605,-0.3238958068293944,-1.2110198789980753,naive_short_NDX_IF_thr0.005,naive_short,NDX,IF,0.005,1
580,41.48929932571093,0.4724137931034483,-6.060095988596346,-5.161466912481754,118.12508974079131,375.2113457027077,-632.5949937557691,-32.44215177260632,-37.649477908702124,-0.330449730487505,-1.235524462472317,bounce_long_NDX_IF_thr0.005,bounce_long,NDX,IF,0.005,1
793,56.725886836704774,0.49936948297604034,-1.2252277342941689,-0.35736677115937837,106.78439523921429,600.4947468958925,-620.3497757847528,-13.27061513131339,-27.24443664109132,-0.08641709712658102,-0.3231064444150734,fade_short_NDX_IF_thr0.005,fade_short,NDX,IF,0.005,1
580,41.48929932571093,0.46551724137931033,-5.939904011403661,-6.838533087518244,118.12508974079131,620.5949937557691,-387.2113457027078,-31.951248923262465,-36.3367168372605,-0.3238958068293944,-1.2110198789980753,multi_day_h1_NDX_IF_thr0.005,multi_day,NDX,IF,0.005,1
580,41.48929932571093,0.5155172413793103,6.815516019366888,9.330918350168755,208.19785349306437,1149.8985667034171,-721.8234660925733,31.052533621687072,-34.72996281630654,0.21085822460894182,0.7883816223226752,multi_day_h3_NDX_IF_thr0.005,multi_day,NDX,IF,0.005,3
580,41.48929932571093,0.49137931034482757,5.01634035794469,-3.8079286943632993,266.7508077325205,1254.8599779492836,-853.1474703982774,9.044576642821145,-55.79524471315197,0.12112932656949427,0.4528926256911171,multi_day_h5_NDX_IF_thr0.005,multi_day,NDX,IF,0.005,5
358,25.608912342421576,0.4748603351955307,-3.724983255885401,-4.8625680730836,131.27924050853144,620.5949937557691,-387.2113457027078,-15.131091694091147,-24.805514219756496,-0.14358988119149954,-0.5368707988167039,naive_short_NDX_IF_thr0.010,naive_short,NDX,IF,0.01,1
358,25.608912342421576,0.4692737430167598,-8.275016744114609,-7.137431926916398,131.27924050853144,375.2113457027077,-632.5949937557691,-27.914446039493214,-30.484262878064637,-0.3189836274479193,-1.1926536428358883,bounce_long_NDX_IF_thr0.010,bounce_long,NDX,IF,0.01,1
442,31.617707417179712,0.5113122171945701,5.56178428964184,3.236724103894312,102.92573614146465,600.4947468958925,-413.4626865671638,24.92177645942173,-10.756357198929479,0.3038472760630293,1.136060065407277,fade_short_NDX_IF_thr0.010,fade_short,NDX,IF,0.01,1
358,25.608912342421576,0.4748603351955307,-3.724983255885401,-4.8625680730836,131.27924050853144,620.5949937557691,-387.2113457027078,-15.131091694091147,-24.805514219756496,-0.14358988119149954,-0.5368707988167039,multi_day_h1_NDX_IF_thr0.010,multi_day,NDX,IF,0.01,1
358,25.608912342421576,0.5251396648044693,10.276466645103323,9.609144663085718,218.3945951205132,1149.8985667034171,-653.4172185430472,32.75103322844784,-34.497873691961956,0.23812089027652575,0.8903144951224542,multi_day_h3_NDX_IF_thr0.010,multi_day,NDX,IF,0.01,3
358,25.608912342421576,0.5,16.96435421175972,0.10989207827594746,289.01194925912347,1254.8599779492836,-757.953125,58.335932480614126,-34.535433155532026,0.29704147961131544,1.1106137501983204,multi_day_h5_NDX_IF_thr0.010,multi_day,NDX,IF,0.01,5
238,17.024919378481382,0.46638655462184875,-4.445349383514621,-5.732133290474833,135.59725454316455,620.5949937557691,-387.2113457027078,-11.975606031078767,-24.087854169349466,-0.13526876836239435,-0.5057588398504054,naive_short_NDX_IF_thr0.015,naive_short,NDX,IF,0.015,1
238,17.024919378481382,0.47478991596638653,-7.554650616485393,-6.2678667095251654,135.59725454316455,375.2113457027077,-632.5949937557691,-18.27292038502645,-25.21363429693566,-0.22988255728332255,-0.8595120431789194,bounce_long_NDX_IF_thr0.015,bounce_long,NDX,IF,0.015,1
234,16.738786279683378,0.5683760683760684,12.114938679078518,8.800845998567125,102.38364629085491,460.353354335588,-413.4626865671638,31.14845006684519,-6.93431056923165,0.4841195377881029,1.8100832789773134,fade_short_NDX_IF_thr0.015,fade_short,NDX,IF,0.015,1
238,17.024919378481382,0.46638655462184875,-4.445349383514621,-5.732133290474833,135.59725454316455,620.5949937557691,-387.2113457027078,-11.975606031078767,-24.087854169349466,-0.13526876836239435,-0.5057588398504054,multi_day_h1_NDX_IF_thr0.015,multi_day,NDX,IF,0.015,1
238,17.024919378481382,0.5126050420168067,-4.514145536553737,3.001914448696358,217.502627698308,675.8652849740936,-653.4172185430472,-15.07426259625152,-42.53572902890874,-0.08563544927404976,-0.3201839271492351,multi_day_h3_NDX_IF_thr0.015,multi_day,NDX,IF,0.015,3
238,17.024919378481382,0.46218487394957986,2.5067395893784736,-19.306743084493533,291.2088119595689,1089.1201898277106,-757.953125,-3.901393905415995,-36.27557640750542,0.03551789666712711,0.1327985050042546,multi_day_h5_NDX_IF_thr0.015,multi_day,NDX,IF,0.015,5
152,10.873057754324245,0.506578947368421,5.922630194446805,1.0515630740103368,149.06005634046974,620.5949937557691,-387.2113457027078,7.606475118420142,-14.16324053289646,0.13101746215992133,0.48986355434701967,naive_short_NDX_IF_thr0.020,naive_short,NDX,IF,0.02,1
152,10.873057754324245,0.45394736842105265,-17.922630194446814,-13.051563074010335,149.06005634046974,375.2113457027077,-632.5949937557691,-25.143045396870956,-27.320120900103582,-0.39647545874279033,-1.4823892497172841,bounce_long_NDX_IF_thr0.020,bounce_long,NDX,IF,0.02,1
125,8.9416593374377,0.664,23.1222507233045,21.154089324796793,102.16623858809304,460.353354335588,-413.4626865671638,32.60946858040992,-5.639402801696014,0.6767554495980362,2.5303331670335303,fade_short_NDX_IF_thr0.020,fade_short,NDX,IF,0.02,1
152,10.873057754324245,0.506578947368421,5.922630194446805,1.0515630740103368,149.06005634046974,620.5949937557691,-387.2113457027078,7.606475118420142,-14.16324053289646,0.13101746215992133,0.48986355434701967,multi_day_h1_NDX_IF_thr0.020,multi_day,NDX,IF,0.02,1
152,10.873057754324245,0.5592105263157895,8.2564226498721,30.849666030945308,232.79321626208466,675.8652849740936,-653.4172185430472,8.828008595026816,-26.943683280602006,0.11694925066076357,0.4372636644188269,multi_day_h3_NDX_IF_thr0.020,multi_day,NDX,IF,0.02,3
152,10.873057754324245,0.48026315789473684,3.85546582532073,-7.979377843038808,303.07721319964554,1089.1201898277106,-757.953125,-1.0079056006771059,-24.79964072291594,0.041946856477740484,0.15683585889328908,multi_day_h5_NDX_IF_thr0.020,multi_day,NDX,IF,0.02,5
91,6.509527997654646,0.5054945054945055,1.963986244769817,1.0696359137512048,159.0188819991296,620.5949937557691,-387.2113457027078,0.6565776125472045,-14.578997313653474,0.03151116760117864,0.11781767337163394,naive_short_NDX_IF_thr0.025,naive_short,NDX,IF,0.025,1
91,6.509527997654646,0.45054945054945056,-13.96398624476982,-13.069635913751203,159.0188819991296,375.2113457027077,-632.5949937557691,-12.945390665192901,-16.06357893600775,-0.2240451083154436,-0.8376862998575131,bounce_long_NDX_IF_thr0.025,bounce_long,NDX,IF,0.025,1
72,5.150395778364116,0.6944444444444444,22.88803839889599,19.550005558209744,117.16936884605374,460.353354335588,-413.4626865671638,17.320389164292283,-6.26646679393833,0.443317407223552,1.6575274564650038,fade_short_NDX_IF_thr0.025,fade_short,NDX,IF,0.025,1
91,6.509527997654646,0.5054945054945055,1.963986244769817,1.0696359137512048,159.0188819991296,620.5949937557691,-387.2113457027078,0.6565776125472045,-14.578997313653474,0.03151116760117864,0.11781767337163394,multi_day_h1_NDX_IF_thr0.025,multi_day,NDX,IF,0.025,1
91,6.509527997654646,0.5494505494505495,-0.5559347594077156,27.98692810457571,232.3026340835838,661.340748230536,-653.4172185430472,-2.8938415659736982,-23.483094505905587,-0.006105826284915664,-0.02282918411672005,multi_day_h3_NDX_IF_thr0.025,multi_day,NDX,IF,0.025,3
91,6.509527997654646,0.43956043956043955,7.177176531153658,-27.208907741250282,339.3845538014389,1089.1201898277106,-757.953125,1.4310530156809387,-28.50127898994872,0.053955572537888415,0.2017354641473414,multi_day_h5_NDX_IF_thr0.025,multi_day,NDX,IF,0.025,5
580,41.48929932571093,0.4396551724137931,-13.127560284454644,-14.688427028695765,140.0324118407699,607.6986301369861,-545.1832444427137,-55.896263741093044,-59.7718050108717,-0.6038422582406855,-2.2577167196663916,naive_short_NDX_IC_thr0.005,naive_short,NDX,IC,0.005,1
580,41.48929932571093,0.5051724137931034,1.127560284454633,2.688427028695767,140.03241184076992,533.1832444427135,-619.6986301369863,0.8421271551191989,-23.58481655349952,0.05186558154860384,0.19392115910978452,bounce_long_NDX_IC_thr0.005,bounce_long,NDX,IC,0.005,1
793,56.725886836704774,0.501891551071879,1.6377556428735283,0.5573770491800248,127.01556393506866,601.359482410027,-758.8712871287136,6.831330560419224,-31.968273828872963,0.09711421652406736,0.3631020972306573,fade_short_NDX_IC_thr0.005,fade_short,NDX,IC,0.005,1
580,41.48929932571093,0.4396551724137931,-13.127560284454644,-14.688427028695765,140.0324118407699,607.6986301369861,-545.1832444427137,-55.896263741093044,-59.7718050108717,-0.6038422582406855,-2.2577167196663916,multi_day_h1_NDX_IC_thr0.005,multi_day,NDX,IC,0.005,1
580,41.48929932571093,0.47586206896551725,3.5016936484155523,-13.635274486103015,253.19507268062094,1182.3387320684858,-943.4391715653841,1.91133571827391,-48.40039416449282,0.08908220305652377,0.3330710570860128,multi_day_h3_NDX_IC_thr0.005,multi_day,NDX,IC,0.005,3
580,41.48929932571093,0.4672413793103448,0.3411235663746308,-21.606499582987432,312.32228029189804,1347.694277340738,-1036.0911474591092,-23.030057337993128,-65.4413819590307,0.007035205809711063,0.026304057998782517,multi_day_h5_NDX_IC_thr0.005,multi_day,NDX,IC,0.005,5
358,25.608912342421576,0.4692737430167598,-8.218280632624316,-8.800042648202217,154.71046969458126,607.6986301369861,-545.1832444427137,-28.608058688629868,-38.53487197946157,-0.2688170614616635,-1.0050849636821482,naive_short_NDX_IC_thr0.010,naive_short,NDX,IC,0.01,1
358,25.608912342421576,0.4888268156424581,-3.781719367375699,-3.199957351797783,154.71046969458126,533.1832444427135,-619.6986301369863,-16.33660669581829,-27.820852451000565,-0.12369870695033348,-0.46249932837851226,bounce_long_NDX_IC_thr0.010,bounce_long,NDX,IC,0.01,1
442,31.617707417179712,0.5294117647058824,9.714647493468918,6.949038396162794,123.47020562180893,601.359482410027,-446.16270605866,48.55905595649788,-18.01610358703176,0.4424152240048709,1.6541542673428098,fade_short_NDX_IC_thr0.010,fade_short,NDX,IC,0.01,1
358,25.608912342421576,0.4692737430167598,-8.218280632624316,-8.800042648202217,154.71046969458126,607.6986301369861,-545.1832444427137,-28.608058688629868,-38.53487197946157,-0.2688170614616635,-1.0050849636821482,multi_day_h1_NDX_IC_thr0.010,multi_day,NDX,IC,0.01,1
358,25.608912342421576,0.5,9.308306096480816,-0.11317005068133792,266.78772931779736,1182.3387320684858,-943.4391715653841,23.02991543944579,-43.60657651386046,0.17656327362236823,0.6601556109995914,multi_day_h3_NDX_IC_thr0.010,multi_day,NDX,IC,0.01,3
358,25.608912342421576,0.5,15.20069946160563,-0.57111859899272,334.51935272844605,1347.694277340738,-1036.0911474591092,41.204395579066166,-51.22547627565262,0.22995237080892542,0.8597730702300431,multi_day_h5_NDX_IC_thr0.010,multi_day,NDX,IC,0.01,5
238,17.024919378481382,0.44537815126050423,-13.512984186375489,-16.025862500572245,161.64325167344015,607.6986301369861,-545.1832444427137,-29.72335256191969,-36.973139209873715,-0.34493417277923905,-1.2896806052245129,naive_short_NDX_IC_thr0.015,naive_short,NDX,IC,0.015,1
238,17.024919378481382,0.5084033613445378,1.512984186375473,4.025862500572248,161.64325167344015,533.1832444427135,-619.6986301369863,0.48814178328469016,-22.433353320020455,0.03862062898598528,0.14439936688057461,bounce_long_NDX_IC_thr0.015,bounce_long,NDX,IC,0.015,1
234,16.738786279683378,0.5256410256410257,13.881318236731286,6.383444118965748,130.54151181943016,601.359482410027,-346.44902465955045,35.6607341677307,-15.386344817569775,0.4350548904548389,1.6266345833666596,fade_short_NDX_IC_thr0.015,fade_short,NDX,IC,0.015,1
238,17.024919378481382,0.44537815126050423,-13.512984186375489,-16.025862500572245,161.64325167344015,607.6986301369861,-545.1832444427137,-29.72335256191969,-36.973139209873715,-0.34493417277923905,-1.2896806052245129,multi_day_h1_NDX_IC_thr0.015,multi_day,NDX,IC,0.015,1
238,17.024919378481382,0.4789915966386555,-9.604134633294706,-6.505885906811886,259.5139681776997,911.266818900404,-943.4391715653841,-26.537720647133245,-49.25139384869869,-0.15270035019038708,-0.5709340958153585,multi_day_h3_NDX_IC_thr0.015,multi_day,NDX,IC,0.015,3
238,17.024919378481382,0.48739495798319327,-2.2590211245174636,-13.057295985417598,326.48471134672036,1049.7644110275698,-1036.0911474591092,-16.510818608566645,-54.56971939988065,-0.028549596538108065,-0.10674460186276732,multi_day_h5_NDX_IC_thr0.015,multi_day,NDX,IC,0.015,5
152,10.873057754324245,0.48026315789473684,-8.17038019833856,-4.38215219991333,185.6058918176681,607.6986301369861,-545.1832444427137,-13.94482213607624,-24.967065440948254,-0.14515311342975346,-0.5427155960511839,naive_short_NDX_IC_thr0.020,naive_short,NDX,IC,0.02,1
152,10.873057754324245,0.47368421052631576,-3.829619801661459,-7.617847800086668,185.6058918176681,533.1832444427135,-619.6986301369863,-8.093788599060602,-24.228156164612745,-0.06803615302705665,-0.2543816007155647,bounce_long_NDX_IC_thr0.020,bounce_long,NDX,IC,0.02,1
125,8.9416593374377,0.552,19.96777502035192,15.796781341955064,124.05510883678231,492.61598080826684,-346.44902465955045,27.108972685439525,-11.663343166346941,0.4813091086383152,1.799575314696376,fade_short_NDX_IC_thr0.020,fade_short,NDX,IC,0.02,1
152,10.873057754324245,0.48026315789473684,-8.17038019833856,-4.38215219991333,185.6058918176681,607.6986301369861,-545.1832444427137,-13.94482213607624,-24.967065440948254,-0.14515311342975346,-0.5427155960511839,multi_day_h1_NDX_IC_thr0.020,multi_day,NDX,IC,0.02,1
152,10.873057754324245,0.506578947368421,-3.1933001906171694,2.30216001601436,280.23441900752135,911.266818900404,-943.4391715653841,-10.222752905927013,-39.55271731381057,-0.03757457864000279,-0.14048827035907854,multi_day_h3_NDX_IC_thr0.020,multi_day,NDX,IC,0.02,3
152,10.873057754324245,0.506578947368421,-2.6039123069448524,15.242543725212839,343.37598795208083,1049.7644110275698,-1035.2473118279588,-12.079636109817171,-43.41908526756841,-0.02500531211110801,-0.09349281283858524,multi_day_h5_NDX_IC_thr0.020,multi_day,NDX,IC,0.02,5
91,6.509527997654646,0.46153846153846156,-17.558271707948993,-20.627902724446695,194.32127522792698,607.6986301369861,-545.1832444427137,-16.21424483781607,-27.214766904026998,-0.23053462492622975,-0.8619500706598618,naive_short_NDX_IC_thr0.025,naive_short,NDX,IC,0.025,1
91,6.509527997654646,0.5164835164835165,5.558271707948993,8.627902724446695,194.32127522792698,533.1832444427135,-619.6986301369863,3.4066902462691395,-13.904165055843054,0.0729783719459126,0.27286015224632737,bounce_long_NDX_IC_thr0.025,bounce_long,NDX,IC,0.025,1
72,5.150395778364116,0.5833333333333334,24.654740582346346,19.5508260085352,135.48895802860815,492.61598080826684,-346.44902465955045,18.628516355811975,-8.326587241318183,0.4129684142423319,1.5440550587590662,fade_short_NDX_IC_thr0.025,fade_short,NDX,IC,0.025,1
91,6.509527997654646,0.46153846153846156,-17.558271707948993,-20.627902724446695,194.32127522792698,607.6986301369861,-545.1832444427137,-16.21424483781607,-27.214766904026998,-0.23053462492622975,-0.8619500706598618,multi_day_h1_NDX_IC_thr0.025,multi_day,NDX,IC,0.025,1
91,6.509527997654646,0.5164835164835165,-11.881862915086502,4.211524434718956,271.33806585847566,714.8853340688125,-943.4391715653841,-13.1991684630419,-25.221912334691055,-0.11172453663406974,-0.41772888682987513,multi_day_h3_NDX_IC_thr0.025,multi_day,NDX,IC,0.025,3
91,6.509527997654646,0.4835164835164835,15.338526837466292,-18.987012987011326,355.79640087256485,1049.7644110275698,-719.9798341573567,8.657328844968749,-29.294420267860666,0.10999092378610448,0.4112470504580994,multi_day_h5_NDX_IC_thr0.025,multi_day,NDX,IC,0.025,5
262,45.69549678341672,0.4389312977099237,-13.952562326203395,-14.674432568720468,145.3478618840338,544.3565837536961,-510.291845493563,-32.524844906330216,-33.91959766711107,-0.6489063517699395,-1.5538030489749695,naive_short_NDX_IM_thr0.005,naive_short,NDX,IM,0.005,1
262,45.69549678341672,0.5190839694656488,1.952562326203381,2.6744325687204697,145.34786188403382,498.29184549356296,-556.3565837536961,2.379953178065586,-17.325727494825326,0.09080985026818593,0.21744373720307328,bounce_long_NDX_IM_thr0.005,bounce_long,NDX,IM,0.005,1
329,57.38098641887062,0.48936170212765956,-2.4720165642341234,-3.3747016706437925,150.73045550145133,713.3359975407332,-1101.3783041651511,-11.211876062563796,-34.32486034051006,-0.12423225541373267,-0.29747352097322644,fade_short_NDX_IM_thr0.005,fade_short,NDX,IM,0.005,1
262,45.69549678341672,0.4389312977099237,-13.952562326203395,-14.674432568720468,145.3478618840338,544.3565837536961,-510.291845493563,-32.524844906330216,-33.91959766711107,-0.6489063517699395,-1.5538030489749695,multi_day_h1_NDX_IM_thr0.005,multi_day,NDX,IM,0.005,1
262,45.69549678341672,0.46564885496183206,3.517687697326864,-25.545337473557687,286.212475392499,1117.926534194195,-909.463919111145,-1.3485554975059766,-35.46796687265016,0.08308170904052076,0.19893874126690683,multi_day_h3_NDX_IM_thr0.005,multi_day,NDX,IM,0.005,3
262,45.69549678341672,0.49236641221374045,-5.531314127227453,-5.2412734343127925,325.8326595173833,1197.8488058672347,-925.2264811041473,-24.70307340896174,-50.68264319782736,-0.11475468136234807,-0.27477951679564294,multi_day_h5_NDX_IM_thr0.005,multi_day,NDX,IM,0.005,5
157,27.38241601143674,0.4394904458598726,-13.320686528938031,-13.184805697864059,154.45690020825708,544.3565837536961,-510.291845493563,-20.378525753447917,-23.35630750238501,-0.45128944456204007,-1.0806103423369229,naive_short_NDX_IM_thr0.010,naive_short,NDX,IM,0.01,1
157,27.38241601143674,0.5095541401273885,1.3206865289380165,1.184805697864061,154.45690020825708,498.29184549356296,-556.3565837536961,0.20675310387145984,-12.715904963329782,0.044743331268266254,0.1071376853629217,bounce_long_NDX_IM_thr0.010,bounce_long,NDX,IM,0.01,1
194,33.83559685489635,0.5309278350515464,17.10071166439062,7.808804304064616,135.05718679616172,713.3359975407332,-309.63530488312085,36.909896125327755,-10.687757297212986,0.7365180693122807,1.7635888731881477,fade_short_NDX_IM_thr0.010,fade_short,NDX,IM,0.01,1
157,27.38241601143674,0.4394904458598726,-13.320686528938031,-13.184805697864059,154.45690020825708,544.3565837536961,-510.291845493563,-20.378525753447917,-23.35630750238501,-0.45128944456204007,-1.0806103423369229,multi_day_h1_NDX_IM_thr0.010,multi_day,NDX,IM,0.01,1
157,27.38241601143674,0.45222929936305734,-0.4571198382417208,-28.379269729093654,301.3303195830805,1117.926534194195,-909.463919111145,-7.424835180205469,-31.555771871872796,-0.007938219790030671,-0.019008028014427716,multi_day_h3_NDX_IM_thr0.010,multi_day,NDX,IM,0.01,3
157,27.38241601143674,0.49044585987261147,-0.7613017253870066,-6.640820249919737,339.7886896788694,1197.8488058672347,-925.2264811041473,-9.678154499409676,-38.84344613399098,-0.011724215094749428,-0.028073575041100286,multi_day_h5_NDX_IM_thr0.010,multi_day,NDX,IM,0.01,5
98,17.092208720514652,0.41836734693877553,-13.44499611586005,-18.52321688545388,156.72066386156283,544.3565837536961,-443.12275575718,-13.387031811282101,-16.399792790572874,-0.3546773967823914,-0.8492732718978977,naive_short_NDX_IM_thr0.015,naive_short,NDX,IM,0.015,1
98,17.092208720514652,0.5306122448979592,1.4449961158600395,6.5232168854538815,156.72066386156283,431.1227557571799,-556.3565837536961,0.2167883041571006,-12.981139110360262,0.038118825495928495,0.09127533906451471,bounce_long_NDX_IM_thr0.015,bounce_long,NDX,IM,0.015,1
105,18.313080771979983,0.5047619047619047,11.104012873765319,0.18556701030947895,140.80204850882544,713.3359975407332,-269.12407633489744,11.229405752449239,-9.860149473271406,0.3374828350246366,0.8081009788357086,fade_short_NDX_IM_thr0.015,fade_short,NDX,IM,0.015,1
98,17.092208720514652,0.41836734693877553,-13.44499611586005,-18.52321688545388,156.72066386156283,544.3565837536961,-443.12275575718,-13.387031811282101,-16.399792790572874,-0.3546773967823914,-0.8492732718978977,multi_day_h1_NDX_IM_thr0.015,multi_day,NDX,IM,0.015,1
98,17.092208720514652,0.3979591836734694,-33.52308767289753,-68.23864839187686,277.3384001758838,1111.01901399464,-909.463919111145,-30.666818738951072,-43.09690026704745,-0.4997273289146228,-1.1965946167821566,multi_day_h3_NDX_IM_thr0.015,multi_day,NDX,IM,0.015,3
98,17.092208720514652,0.46938775510204084,-26.55980284165591,-32.650514140338366,307.1493908351328,1015.0895147428256,-925.2264811041473,-26.404977469623702,-42.753752774768294,-0.35749854805990566,-0.8560285046748075,multi_day_h5_NDX_IM_thr0.015,multi_day,NDX,IM,0.015,5
52,9.069335239456754,0.38461538461538464,-5.352074681894806,-16.879262205180094,176.93499670837957,544.3565837536961,-443.12275575718,-3.514830451281925,-12.697264353708547,-0.09109533772878431,-0.21812733551508226,naive_short_NDX_IM_thr0.020,naive_short,NDX,IM,0.02,1
52,9.069335239456754,0.5384615384615384,-6.647925318105209,4.879262205180097,176.93499670837957,431.1227557571799,-556.3565837536961,-4.17371267291885,-15.071701130066085,-0.11315144837144345,-0.27094058333060567,bounce_long_NDX_IM_thr0.020,bounce_long,NDX,IM,0.02,1
52,9.069335239456754,0.5,-11.352513247482301,-1.4729426454475,108.5118808467557,285.0326086956516,-269.12407633489744,-6.0192571706455755,-11.845891925563857,-0.3150666635084055,-0.7544255670397485,fade_short_NDX_IM_thr0.020,fade_short,NDX,IM,0.02,1
52,9.069335239456754,0.38461538461538464,-5.352074681894806,-16.879262205180094,176.93499670837957,544.3565837536961,-443.12275575718,-3.514830451281925,-12.697264353708547,-0.09109533772878431,-0.21812733551508226,multi_day_h1_NDX_IM_thr0.020,multi_day,NDX,IM,0.02,1
52,9.069335239456754,0.4230769230769231,-18.484058158638877,-44.907329757937866,319.58440914711235,1111.01901399464,-909.463919111145,-11.493180845703444,-28.92819788854958,-0.17418047471912393,-0.4170742849908712,multi_day_h3_NDX_IM_thr0.020,multi_day,NDX,IM,0.02,3
52,9.069335239456754,0.5192307692307693,-17.784174841899162,26.692860878661413,341.48646498101306,1015.0895147428256,-925.2264811041473,-11.524225232003937,-24.65937863438348,-0.15683679265322234,-0.3755449240885686,multi_day_h5_NDX_IM_thr0.020,multi_day,NDX,IM,0.02,5
26,4.534667619728377,0.3076923076923077,-5.884988325239803,-38.23469492294462,180.30653760545837,544.3565837536961,-216.98109810981035,-1.9131332484823904,-5.5079299892244915,-0.06950352988901047,-0.16642585846401978,naive_short_NDX_IM_thr0.025,naive_short,NDX,IM,0.025,1
26,4.534667619728377,0.5769230769230769,-6.115011674760194,26.23469492294462,180.30653760545837,204.98109810981038,-556.3565837536961,-1.9836387465453353,-9.141416905233356,-0.07222017669695625,-0.17293085580556342,bounce_long_NDX_IM_thr0.025,bounce_long,NDX,IM,0.025,1
24,4.185847033595425,0.4583333333333333,-2.5770625650030468,-4.401496185587155,104.00273742380648,221.94117647058854,-269.12407633489744,-0.7405015747221078,-3.137066552060097,-0.05069578691898645,-0.12139081096995291,fade_short_NDX_IM_thr0.025,fade_short,NDX,IM,0.025,1
26,4.534667619728377,0.3076923076923077,-5.884988325239803,-38.23469492294462,180.30653760545837,544.3565837536961,-216.98109810981035,-1.9131332484823904,-5.5079299892244915,-0.06950352988901047,-0.16642585846401978,multi_day_h1_NDX_IM_thr0.025,multi_day,NDX,IM,0.025,1
26,4.534667619728377,0.4230769230769231,13.45436090008196,-17.83834020675678,279.2346249088484,620.7254038179149,-476.50834303453695,2.5632540697158923,-11.763818980515984,0.10260452954528664,0.24568603838020578,multi_day_h3_NDX_IM_thr0.025,multi_day,NDX,IM,0.025,3
26,4.534667619728377,0.5769230769230769,21.249440930701038,52.1638757707037,392.7054108339007,1015.0895147428256,-752.4324917672883,3.6751115898788767,-14.515511448555895,0.11522676071468951,0.27590990846930363,multi_day_h5_NDX_IM_thr0.025,multi_day,NDX,IM,0.025,5
580,41.48929932571093,0.46206896551724136,-5.020858905460435,-8.162061377527502,118.52262990227759,853.8562628336758,-404.9614885331028,-28.234488615341203,-36.21906985850409,-0.2728630868406671,-1.0202127210090128,naive_short_NDX_IH_thr0.005,naive_short,NDX,IH,0.005,1
580,41.48929932571093,0.4793103448275862,-6.979141094539573,-3.8379386224724974,118.5226299022776,392.96148853310274,-865.8562628336759,-35.97734970868578,-39.84650328242192,-0.3792876912915326,-1.4181255957267498,bounce_long_NDX_IH_thr0.005,bounce_long,NDX,IH,0.005,1
793,56.725886836704774,0.5081967213114754,-0.7797485282033432,1.3969470782053741,105.28154817825566,536.177258478198,-770.8016022030291,-10.051139371050699,-30.120762224022414,-0.05578185444854262,-0.20856378255043137,fade_short_NDX_IH_thr0.005,fade_short,NDX,IH,0.005,1
580,41.48929932571093,0.46206896551724136,-5.020858905460435,-8.162061377527502,118.52262990227759,853.8562628336758,-404.9614885331028,-28.234488615341203,-36.21906985850409,-0.2728630868406671,-1.0202127210090128,multi_day_h1_NDX_IH_thr0.005,multi_day,NDX,IH,0.005,1
580,41.48929932571093,0.506896551724138,9.459006381793582,6.219151338472845,205.3619069469193,1170.2063655030806,-649.3121019108268,53.299247730152935,-32.29061420287489,0.2966836957179091,1.109276025540685,multi_day_h3_NDX_IH_thr0.005,multi_day,NDX,IH,0.005,3
580,41.48929932571093,0.5051724137931034,6.038139888874785,2.2619845456477496,261.10773915394776,1271.5924024640663,-854.2388552559183,16.687167851871276,-52.74724287382511,0.14895376197157548,0.5569259094920613,multi_day_h5_NDX_IH_thr0.005,multi_day,NDX,IH,0.005,5
358,25.608912342421576,0.46368715083798884,-5.215772347732747,-8.65873883562251,131.11221682402763,853.8562628336758,-404.9614885331028,-19.528900195758535,-26.46597616158718,-0.20131263522543857,-0.7526914458633535,naive_short_NDX_IH_thr0.010,naive_short,NDX,IH,0.01,1
358,25.608912342421576,0.4776536312849162,-6.7842276522672655,-3.34126116437749,131.11221682402763,392.96148853310274,-865.8562628336759,-23.962981430165975,-26.700676072364317,-0.26185014521212646,-0.9790362347526373,bounce_long_NDX_IH_thr0.010,bounce_long,NDX,IH,0.01,1
442,31.617707417179712,0.5248868778280543,3.9073484322389724,2.598864260554451,101.59581517583584,536.177258478198,-460.1420118343198,16.179835436884815,-12.328727995821588,0.21625766494219098,0.8085696872532991,fade_short_NDX_IH_thr0.010,fade_short,NDX,IH,0.01,1
358,25.608912342421576,0.46368715083798884,-5.215772347732747,-8.65873883562251,131.11221682402763,853.8562628336758,-404.9614885331028,-19.528900195758535,-26.46597616158718,-0.20131263522543857,-0.7526914458633535,multi_day_h1_NDX_IH_thr0.010,multi_day,NDX,IH,0.01,1
358,25.608912342421576,0.5083798882681564,10.706276684186301,6.8966921215745165,209.22170083506,1170.2063655030806,-649.3121019108268,35.75626826760554,-27.870513398838494,0.2589567889651677,0.9682182128511191,multi_day_h3_NDX_IH_thr0.010,multi_day,NDX,IH,0.01,3
358,25.608912342421576,0.5083798882681564,13.983633983672163,2.2619845456477496,282.2478503059639,1271.5924024640663,-854.2388552559183,43.289739629647215,-37.70843306299767,0.2507176865976555,0.9374128842800921,multi_day_h5_NDX_IH_thr0.010,multi_day,NDX,IH,0.01,5
238,17.024919378481382,0.46218487394957986,-4.650135001147444,-10.832704085284687,128.41182238856965,531.984496124032,-357.7587939698497,-12.207716465614737,-23.366591336474094,-0.14941805676004866,-0.5586618696579561,naive_short_NDX_IH_thr0.015,naive_short,NDX,IH,0.015,1
238,17.024919378481382,0.4831932773109244,-7.34986499885257,-1.1672959147153104,128.41182238856965,345.75879396984965,-543.9844961240321,-17.68657950383711,-24.622795492856064,-0.23616573396390886,-0.883004325891474,bounce_long_NDX_IH_thr0.015,bounce_long,NDX,IH,0.015,1
234,16.738786279683378,0.6068376068376068,13.558634739937295,21.677774899996788,101.26952146443197,420.7241379310349,-460.1420118343198,35.68071545894745,-6.888228019919696,0.5477711885746592,2.0480715851185076,fade_short_NDX_IH_thr0.015,fade_short,NDX,IH,0.015,1
238,17.024919378481382,0.46218487394957986,-4.650135001147444,-10.832704085284687,128.41182238856965,531.984496124032,-357.7587939698497,-12.207716465614737,-23.366591336474094,-0.14941805676004866,-0.5586618696579561,multi_day_h1_NDX_IH_thr0.015,multi_day,NDX,IH,0.015,1
238,17.024919378481382,0.48739495798319327,-1.0503589664304709,-4.121329113224819,210.53715887022804,658.5468998410175,-649.3121019108268,-7.442558154840406,-37.616135335726476,-0.020585030801885562,-0.07696574325830001,multi_day_h3_NDX_IH_thr0.015,multi_day,NDX,IH,0.015,3
238,17.024919378481382,0.46638655462184875,1.429376671140424,-27.36510072362596,290.85013076126864,1115.7806041335455,-854.2388552559183,-6.311454408707895,-39.40451239538114,0.020277759052553464,0.07581687936796973,multi_day_h5_NDX_IH_thr0.015,multi_day,NDX,IH,0.015,5
152,10.873057754324245,0.4934210526315789,9.231949095951421,-3.9325726608331277,137.32070778744432,531.984496124032,-293.3098684693942,13.441914697609803,-12.74432111798297,0.2216834212802555,0.8288561455693741,naive_short_NDX_IH_thr0.020,naive_short,NDX,IH,0.02,1
152,10.873057754324245,0.4605263157894737,-21.23194909595143,-8.067427339166871,137.32070778744432,281.3098684693942,-543.9844961240321,-28.641183947297122,-29.74414042789908,-0.5098350377714764,-1.9062314260715527,bounce_long_NDX_IH_thr0.020,bounce_long,NDX,IH,0.02,1
125,8.9416593374377,0.68,26.82796324572441,41.86005061062859,105.81203384012831,399.5511612856843,-460.1420118343198,38.81358892493773,-5.421209119045267,0.7581614539946602,2.834703546382231,fade_short_NDX_IH_thr0.020,fade_short,NDX,IH,0.02,1
152,10.873057754324245,0.4934210526315789,9.231949095951421,-3.9325726608331277,137.32070778744432,531.984496124032,-293.3098684693942,13.441914697609803,-12.74432111798297,0.2216834212802555,0.8288561455693741,multi_day_h1_NDX_IH_thr0.020,multi_day,NDX,IH,0.02,1
152,10.873057754324245,0.5263157894736842,16.372367424059544,17.42448049518775,226.67864216717737,658.5468998410175,-649.3121019108268,23.37606253195139,-20.116311392689678,0.23816433539419166,0.8904769328571499,multi_day_h3_NDX_IH_thr0.020,multi_day,NDX,IH,0.02,3
152,10.873057754324245,0.48026315789473684,2.978514170169536,-15.841174113384142,299.9998420626718,1115.7806041335455,-854.2388552559183,-2.1820019820762093,-30.949691817964574,0.032738176965165434,0.12240536083214955,multi_day_h5_NDX_IH_thr0.020,multi_day,NDX,IH,0.02,5
91,6.509527997654646,0.4835164835164835,1.573995216199909,-11.223490784269645,144.11863511697115,531.984496124032,-293.3098684693942,0.5034748755548213,-14.537298137097299,0.027864933904608216,0.10418470438310586,naive_short_NDX_IH_thr0.025,naive_short,NDX,IH,0.025,1
91,6.509527997654646,0.4945054945054945,-13.573995216199911,-0.7765092157303529,144.11863511697115,281.3098684693942,-543.9844961240321,-12.456191724014253,-17.908659265809145,-0.24030471987968205,-0.8984796550473547,bounce_long_NDX_IH_thr0.025,bounce_long,NDX,IH,0.025,1
72,5.150395778364116,0.7222222222222222,27.725735702613,45.32793072637587,119.43690318548046,399.5511612856843,-460.1420118343198,21.442344024841397,-5.168806310830131,0.5268231446992773,1.9697485657267382,fade_short_NDX_IH_thr0.025,fade_short,NDX,IH,0.025,1
91,6.509527997654646,0.4835164835164835,1.573995216199909,-11.223490784269645,144.11863511697115,531.984496124032,-293.3098684693942,0.5034748755548213,-14.537298137097299,0.027864933904608216,0.10418470438310586,multi_day_h1_NDX_IH_thr0.025,multi_day,NDX,IH,0.025,1
91,6.509527997654646,0.4835164835164835,3.1674717104476615,-4.5494633014215795,224.1781746021686,658.5468998410175,-649.3121019108268,0.6318171434398945,-22.171926482476177,0.03604907835467552,0.13478454980451873,multi_day_h3_NDX_IH_thr0.025,multi_day,NDX,IH,0.025,3
91,6.509527997654646,0.42857142857142855,1.5405004163604428,-44.00442233278023,336.8691109643341,1115.7806041335455,-854.2388552559183,-3.571082065491449,-27.682874478607577,0.011667434709129612,0.04362358225004905,multi_day_h5_NDX_IH_thr0.025,multi_day,NDX,IH,0.025,5
677,48.42802697156259,0.48005908419497784,-6.061974433981116,-2.4376590330783485,115.30422877826064,620.5949937557691,-543.4449339207055,-36.58677650732069,-45.616807158250495,-0.3658619568462261,-1.3679278748529524,naive_short_RUT_IF_thr0.005,naive_short,RUT,IF,0.005,1
677,48.42802697156259,0.4549483013293944,-5.938025566018892,-9.562340966921651,115.30422877826064,531.4449339207055,-632.5949937557691,-36.05638628410136,-40.66491855936979,-0.35838119692626846,-1.339957926548396,bounce_long_RUT_IF_thr0.005,bounce_long,RUT,IF,0.005,1
781,55.867487540310755,0.49167733674775926,-3.654237157575856,-1.6739920401449502,106.73170929733112,512.7684521299029,-608.0533422609087,-28.10875337108144,-31.000092008624346,-0.2559073944968129,-0.9568167768268806,fade_short_RUT_IF_thr0.005,fade_short,RUT,IF,0.005,1
677,48.42802697156259,0.48005908419497784,-6.061974433981116,-2.4376590330783485,115.30422877826064,620.5949937557691,-543.4449339207055,-36.58677650732069,-45.616807158250495,-0.3658619568462261,-1.3679278748529524,multi_day_h1_RUT_IF_thr0.005,multi_day,RUT,IF,0.005,1
677,48.42802697156259,0.5125553914327917,0.25828270191306163,5.488250652741395,226.27527821015275,1246.9228371005463,-2225.0895741556546,-14.7427566318017,-52.218911233243425,0.007943403084825641,0.029699733185139462,multi_day_h3_RUT_IF_thr0.005,multi_day,RUT,IF,0.005,3
677,48.42802697156259,0.4933530280649926,3.9223717877145092,-2.9113559147537713,285.29350342725536,1254.8599779492836,-2027.2298222473478,-1.2768205435214508,-56.241801762219225,0.09567649611489452,0.35772657843962014,multi_day_h5_RUT_IF_thr0.005,multi_day,RUT,IF,0.005,5
404,28.89944297859865,0.4777227722772277,-10.211091807882207,-2.7033902599267132,121.54837470058789,620.5949937557691,-543.4449339207055,-35.76273798274172,-40.978054294294196,-0.45161437895093676,-1.6885491538302944,naive_short_RUT_IF_thr0.010,naive_short,RUT,IF,0.01,1
404,28.89944297859865,0.46782178217821785,-1.788908192117804,-9.296609740073286,121.54837470058787,531.4449339207055,-632.5949937557691,-9.703261491221527,-19.935298920474576,-0.07911951800882731,-0.29582139411858727,bounce_long_RUT_IF_thr0.010,bounce_long,RUT,IF,0.01,1
474,33.90677220756376,0.5168776371308017,3.4591700043932785,5.232495194759552,101.37341963304264,512.7684521299029,-413.4626865671638,14.996644071184019,-18.896988880951316,0.19869687365521674,0.7429113277097201,fade_short_RUT_IF_thr0.010,fade_short,RUT,IF,0.01,1
404,28.89944297859865,0.4777227722772277,-10.211091807882207,-2.7033902599267132,121.54837470058789,620.5949937557691,-543.4449339207055,-35.76273798274172,-40.978054294294196,-0.45161437895093676,-1.6885491538302944,multi_day_h1_RUT_IF_thr0.010,multi_day,RUT,IF,0.01,1
404,28.89944297859865,0.5024752475247525,-9.363587548999215,0.6699933860703281,231.67351298688433,770.8659632669016,-2225.0895741556546,-38.79989968497686,-53.593905078802194,-0.21727543462845345,-0.8123750447056565,multi_day_h3_RUT_IF_thr0.010,multi_day,RUT,IF,0.01,3
404,28.89944297859865,0.4777227722772277,-5.150035672933528,-12.28696636493009,293.80381901559485,1089.1201898277106,-2027.2298222473478,-32.001197895742365,-48.51215662167068,-0.09423181076645276,-0.35232501831142193,multi_day_h5_RUT_IF_thr0.010,multi_day,RUT,IF,0.01,5
251,17.954851949574905,0.47410358565737054,-8.660236926650871,-4.769483182936567,130.53727496439973,620.5949937557691,-543.4449339207055,-21.24083937112796,-29.283100459853127,-0.2811163759911522,-1.0510710927989912,naive_short_RUT_IF_thr0.015,naive_short,RUT,IF,0.015,1
251,17.954851949574905,0.46613545816733065,-3.3397630733491463,-7.230516817063431,130.53727496439973,531.4449339207055,-632.5949937557691,-9.986110358824318,-19.78861919048508,-0.10841067049329169,-0.4053386128954715,bounce_long_RUT_IF_thr0.015,bounce_long,RUT,IF,0.015,1
272,19.457050718264437,0.5257352941176471,6.1512253778077985,6.632795638380379,108.52521477875648,512.7684521299029,-413.4626865671638,16.345237085678722,-14.765756588928225,0.25001697203729756,0.9347929699613375,fade_short_RUT_IF_thr0.015,fade_short,RUT,IF,0.015,1
251,17.954851949574905,0.47410358565737054,-8.660236926650871,-4.769483182936567,130.53727496439973,620.5949937557691,-543.4449339207055,-21.24083937112796,-29.283100459853127,-0.2811163759911522,-1.0510710927989912,multi_day_h1_RUT_IF_thr0.015,multi_day,RUT,IF,0.015,1
251,17.954851949574905,0.5258964143426295,-8.445374193571926,13.330504479019297,252.534974391578,770.8659632669016,-2225.0895741556546,-25.632422621492456,-41.58924112956542,-0.14170601252700202,-0.5298271682601351,multi_day_h3_RUT_IF_thr0.015,multi_day,RUT,IF,0.015,3
251,17.954851949574905,0.4820717131474104,5.092875135449805,-3.977243994942142,304.49294257065947,1089.1201898277106,-1559.5976505139492,1.1672305324105237,-33.77092565661937,0.07087233010895254,0.26498583440465295,multi_day_h5_RUT_IF_thr0.015,multi_day,RUT,IF,0.015,5
140,10.014658457930226,0.4642857142857143,3.83371083558731,-5.732133290474833,142.39506893973353,620.5949937557691,-387.2113457027078,4.044932925410039,-12.977838573501932,0.08520056474529503,0.31855792953430434,naive_short_RUT_IF_thr0.020,naive_short,RUT,IF,0.02,1
140,10.014658457930226,0.4642857142857143,-15.833710835587318,-6.2678667095251654,142.39506893973353,375.2113457027077,-632.5949937557691,-21.027684198274986,-21.12817360285888,-0.3518891129406396,-1.3156845565419024,bounce_long_RUT_IF_thr0.020,bounce_long,RUT,IF,0.02,1
146,10.443858106127236,0.5753424657534246,13.72879584502896,8.63912197902928,118.82566346632478,512.7684521299029,-413.4626865671638,20.94394660993888,-7.411972159108848,0.37338140050661434,1.3960424584929088,fade_short_RUT_IF_thr0.020,fade_short,RUT,IF,0.02,1
140,10.014658457930226,0.4642857142857143,3.83371083558731,-5.732133290474833,142.39506893973353,620.5949937557691,-387.2113457027078,4.044932925410039,-12.977838573501932,0.08520056474529503,0.31855792953430434,multi_day_h1_RUT_IF_thr0.020,multi_day,RUT,IF,0.02,1
140,10.014658457930226,0.5142857142857142,-9.673939098148331,4.269007684362009,217.13469048348855,661.340748230536,-653.4172185430472,-15.49481746376733,-33.073471562607395,-0.1409912647352933,-0.5271547848393605,multi_day_h3_RUT_IF_thr0.020,multi_day,RUT,IF,0.02,3
140,10.014658457930226,0.45714285714285713,-6.448246897571018,-20.94826665229376,294.56428622130557,1089.1201898277106,-752.6835739367928,-13.925617039851945,-41.708283563048255,-0.06927549513556852,-0.2590153992972111,multi_day_h5_RUT_IF_thr0.020,multi_day,RUT,IF,0.02,5
85,6.080328349457637,0.49411764705882355,-7.108668739106546,-8.453987730062224,154.8445218536125,620.5949937557691,-387.2113457027078,-6.804293393798466,-15.784427465455853,-0.11320248167489662,-0.4232548022223233,naive_short_RUT_IF_thr0.025,naive_short,RUT,IF,0.025,1
85,6.080328349457637,0.4823529411764706,-4.891331260893466,-3.546012269937776,154.8445218536125,375.2113457027077,-632.5949937557691,-5.042544254318104,-9.045828392727628,-0.07789233930412895,-0.2912330735070284,bounce_long_RUT_IF_thr0.025,bounce_long,RUT,IF,0.025,1
84,6.008795074758135,0.5952380952380952,15.135310330734644,9.252347992479876,125.14380620766013,512.7684521299029,-413.4626865671638,12.81641595941525,-7.4530064865131145,0.29646652767441395,1.108464052022626,fade_short_RUT_IF_thr0.025,fade_short,RUT,IF,0.025,1
85,6.080328349457637,0.49411764705882355,-7.108668739106546,-8.453987730062224,154.8445218536125,620.5949937557691,-387.2113457027078,-6.804293393798466,-15.784427465455853,-0.11320248167489662,-0.4232548022223233,multi_day_h1_RUT_IF_thr0.025,multi_day,RUT,IF,0.025,1
85,6.080328349457637,0.5529411764705883,11.4510394628466,31.13657463962794,231.52318620521643,661.340748230536,-653.4172185430472,7.762402833389914,-22.946121029126743,0.1219590231409767,0.4559947931795991,multi_day_h3_RUT_IF_thr0.025,multi_day,RUT,IF,0.025,3
85,6.080328349457637,0.47058823529411764,1.9794079094121793,-14.68762556333724,298.5548029264472,868.6208291203238,-752.6835739367928,-2.0061920878460926,-31.879119377031383,0.01634838118951385,0.061125257544219415,multi_day_h5_RUT_IF_thr0.025,multi_day,RUT,IF,0.025,5
677,48.42802697156259,0.45937961595273263,-11.694925783506191,-7.637666325486896,140.5963482598339,607.6986301369861,-1019.0166704727106,-57.65989320010194,-65.29139152496526,-0.5788577032399853,-2.1643015159626096,naive_short_RUT_IC_thr0.005,naive_short,RUT,IC,0.005,1
677,48.42802697156259,0.48005908419497784,-0.30507421649381816,-4.362333674513102,140.5963482598339,1007.0166704727105,-619.6986301369863,-8.363144503783603,-38.763771326549566,-0.015100100979384391,-0.056458040133087806,bounce_long_RUT_IC_thr0.005,bounce_long,RUT,IC,0.005,1
781,55.867487540310755,0.499359795134443,-2.9377461630987685,-0.05116002379578735,131.8423121439734,601.359482410027,-758.8712871287136,-25.724886338192874,-44.73756125736873,-0.16654784874674572,-0.6227087581374938,fade_short_RUT_IC_thr0.005,fade_short,RUT,IC,0.005,1
677,48.42802697156259,0.45937961595273263,-11.694925783506191,-7.637666325486896,140.5963482598339,607.6986301369861,-1019.0166704727106,-57.65989320010194,-65.29139152496526,-0.5788577032399853,-2.1643015159626096,multi_day_h1_RUT_IC_thr0.005,multi_day,RUT,IC,0.005,1
677,48.42802697156259,0.47858197932053176,-7.679719650825381,-8.22944136569092,276.94464893832765,1248.9590536851683,-2482.8547875713384,-54.4829761202567,-63.55535693383931,-0.1929748783952012,-0.7215172563407706,multi_day_h3_RUT_IC_thr0.005,multi_day,RUT,IC,0.005,3
677,48.42802697156259,0.4844903988183161,-4.362059550665609,-16.82251082251018,340.14857578013556,1347.694277340738,-2246.1183682096803,-50.16250576601864,-74.48347362975012,-0.08924241641962222,-0.3336700817214122,multi_day_h5_RUT_IC_thr0.005,multi_day,RUT,IC,0.005,5
404,28.89944297859865,0.4282178217821782,-18.164609235345623,-19.824026587971883,150.9938171845688,607.6986301369861,-1019.0166704727106,-54.199573769100716,-58.027084020885525,-0.6467130597569684,-2.4180071333429902,naive_short_RUT_IC_thr0.010,naive_short,RUT,IC,0.01,1
404,28.89944297859865,0.5297029702970297,6.164609235345605,7.8240265879718836,150.99381718456877,1007.0166704727105,-619.6986301369863,22.536496112907333,-23.833785646049876,0.21947806578953716,0.8206105021148905,bounce_long_RUT_IC_thr0.010,bounce_long,RUT,IC,0.01,1
474,33.90677220756376,0.5147679324894515,5.83275482465368,3.8164172835191192,123.15219390650795,599.46875,-353.382630868458,27.219045995231617,-28.066784975264035,0.2757876364427872,1.0311473723092341,fade_short_RUT_IC_thr0.010,fade_short,RUT,IC,0.01,1
404,28.89944297859865,0.4282178217821782,-18.164609235345623,-19.824026587971883,150.9938171845688,607.6986301369861,-1019.0166704727106,-54.199573769100716,-58.027084020885525,-0.6467130597569684,-2.4180071333429902,multi_day_h1_RUT_IC_thr0.010,multi_day,RUT,IC,0.01,1
404,28.89944297859865,0.45544554455445546,-21.100368657634714,-26.609235313342467,282.6062294608807,911.266818900404,-2482.8547875713384,-64.02225137331806,-66.76567809701238,-0.40137752299179674,-1.5007176662280897,multi_day_h3_RUT_IC_thr0.010,multi_day,RUT,IC,0.01,3
404,28.89944297859865,0.47029702970297027,-16.66135108182119,-22.50810454859819,349.0491785234513,1049.7644110275698,-2246.1183682096803,-60.532481526647295,-69.25537666926559,-0.2566069008538703,-0.9594321737725046,multi_day_h5_RUT_IC_thr0.010,multi_day,RUT,IC,0.01,5
251,17.954851949574905,0.44223107569721115,-18.982169748625772,-19.772455089819946,156.32382759871356,607.6986301369861,-564.4443035299081,-39.79956814606217,-48.02502724565674,-0.5145310486105198,-1.9237894257682497,naive_short_RUT_IC_thr0.015,naive_short,RUT,IC,0.015,1
251,17.954851949574905,0.5219123505976095,6.982169748625754,7.772455089819947,156.32382759871356,552.444303529908,-619.6986301369863,15.553872579074767,-22.591666716256842,0.18925882393382049,0.7076232332343155,bounce_long_RUT_IC_thr0.015,bounce_long,RUT,IC,0.015,1
272,19.457050718264437,0.5110294117647058,6.231118185074207,3.0356225130139305,132.38389286263663,599.46875,-351.6157635467983,15.704325147986342,-23.72420287252861,0.20762007629426366,0.7762744511351056,fade_short_RUT_IC_thr0.015,fade_short,RUT,IC,0.015,1
251,17.954851949574905,0.44223107569721115,-18.982169748625772,-19.772455089819946,156.32382759871356,607.6986301369861,-564.4443035299081,-39.79956814606217,-48.02502724565674,-0.5145310486105198,-1.9237894257682497,multi_day_h1_RUT_IC_thr0.015,multi_day,RUT,IC,0.015,1
251,17.954851949574905,0.4820717131474104,-19.40655940371555,-8.301054650046819,298.07402402307986,911.266818900404,-2482.8547875713384,-45.38924913287402,-50.99318775148463,-0.2758768951307031,-1.031481103228747,multi_day_h3_RUT_IC_thr0.015,multi_day,RUT,IC,0.015,3
251,17.954851949574905,0.4940239043824701,-4.343588693727047,-13.999744008191366,352.6375881905626,1049.7644110275698,-2246.1183682096803,-23.611635231229567,-48.396726940085664,-0.052192849208651505,-0.19514478607164784,multi_day_h5_RUT_IC_thr0.015,multi_day,RUT,IC,0.015,5
140,10.014658457930226,0.44285714285714284,-10.65711063973751,-20.20017890713332,176.5468755799375,607.6986301369861,-545.1832444427137,-15.706679610269003,-29.907904652011354,-0.1910282115631501,-0.7142388285819271,naive_short_RUT_IC_thr0.020,naive_short,RUT,IC,0.02,1
140,10.014658457930226,0.5214285714285715,-1.3428893602625172,8.20017890713332,176.5468755799375,533.1832444427135,-619.6986301369863,-3.9811184030634994,-16.52533428018469,-0.02407122919992974,-0.09000035338027212,bounce_long_RUT_IC_thr0.020,bounce_long,RUT,IC,0.02,1
146,10.443858106127236,0.5547945205479452,14.346504492115098,11.228854547438612,131.81195706695314,526.1288153906189,-309.4986048508248,21.754194254497673,-13.49469138232261,0.35174001014702744,1.315127073415319,fade_short_RUT_IC_thr0.020,fade_short,RUT,IC,0.02,1
140,10.014658457930226,0.44285714285714284,-10.65711063973751,-20.20017890713332,176.5468755799375,607.6986301369861,-545.1832444427137,-15.706679610269003,-29.907904652011354,-0.1910282115631501,-0.7142388285819271,multi_day_h1_RUT_IC_thr0.020,multi_day,RUT,IC,0.02,1
140,10.014658457930226,0.4857142857142857,-12.49780347347939,-3.0994364800047634,266.52605587119,911.266818900404,-943.4391715653841,-20.111192357872042,-30.599839974943034,-0.14839254728481582,-0.5548275737689019,multi_day_h3_RUT_IC_thr0.020,multi_day,RUT,IC,0.02,3
140,10.014658457930226,0.5,-6.029212166538773,-5.833801274123355,340.104242090155,1049.7644110275698,-1036.0911474591092,-15.232214681685575,-36.09878433763083,-0.056100481569005184,-0.20975510324286417,multi_day_h5_RUT_IC_thr0.020,multi_day,RUT,IC,0.02,5
85,6.080328349457637,0.4235294117647059,-31.109659031767492,-31.47565301515675,187.85156598803556,607.6986301369861,-545.1832444427137,-24.397445553011778,-33.170157156332,-0.4083607075939315,-1.5268272211947982,naive_short_RUT_IC_thr0.025,naive_short,RUT,IC,0.025,1
85,6.080328349457637,0.5529411764705883,19.109659031767475,19.47565301515675,187.85156598803556,533.1832444427135,-619.6986301369863,15.882776029714286,-11.77110203314542,0.25084279696292017,0.9378806616832249,bounce_long_RUT_IC_thr0.025,bounce_long,RUT,IC,0.025,1
84,6.008795074758135,0.5833333333333334,22.670817703433965,13.262194842270542,137.91095543602825,526.1288153906189,-233.01812191103787,20.014132226911908,-10.49201849001653,0.40296016347677666,1.5066350293066038,fade_short_RUT_IC_thr0.025,fade_short,RUT,IC,0.025,1
85,6.080328349457637,0.4235294117647059,-31.109659031767492,-31.47565301515675,187.85156598803556,607.6986301369861,-545.1832444427137,-24.397445553011778,-33.170157156332,-0.4083607075939315,-1.5268272211947982,multi_day_h1_RUT_IC_thr0.025,multi_day,RUT,IC,0.025,1
85,6.080328349457637,0.5411764705882353,-4.345260965355497,6.902809586787801,275.4300799994777,714.8853340688125,-943.4391715653841,-6.673089897515416,-27.194265160366193,-0.03890164911287901,-0.14545007810588584,multi_day_h3_RUT_IC_thr0.025,multi_day,RUT,IC,0.025,3
85,6.080328349457637,0.49411764705882355,0.11652110854642077,-12.11484796264383,318.36954740389,835.0757946210256,-729.9603960396047,-4.06902206168962,-36.277484270952954,0.0009024779589355593,0.0033742911318522997,multi_day_h5_RUT_IC_thr0.025,multi_day,RUT,IC,0.025,5
302,52.671908506075766,0.4735099337748344,-6.117820626619853,-8.343390899743891,162.26779114823523,614.7051426004928,-1122.7390255668108,-20.14183480770638,-25.30026922723072,-0.2736238456397824,-0.6551909446836234,naive_short_RUT_IM_thr0.005,naive_short,RUT,IM,0.005,1
302,52.671908506075766,0.49337748344370863,-5.8821793733801595,-3.6566091002561083,162.26779114823523,1110.7390255668108,-626.7051426004929,-19.51177479821904,-30.395876218053818,-0.2630846242670161,-0.6299548312472854,bounce_long_RUT_IM_thr0.005,bounce_long,RUT,IM,0.005,1
336,58.601858470335955,0.5119047619047619,-7.368444225748587,1.7179668746463208,143.3039271197068,713.3359975407332,-683.4193548387086,-24.58490063900378,-42.90620111688847,-0.3936165977215881,-0.9425129959026699,fade_short_RUT_IM_thr0.005,fade_short,RUT,IM,0.005,1
302,52.671908506075766,0.4735099337748344,-6.117820626619853,-8.343390899743891,162.26779114823523,614.7051426004928,-1122.7390255668108,-20.14183480770638,-25.30026922723072,-0.2736238456397824,-0.6551909446836234,multi_day_h1_RUT_IM_thr0.005,multi_day,RUT,IM,0.005,1
302,52.671908506075766,0.48013245033112584,-8.15175842410182,-15.303837214407194,332.0427606941869,1117.926534194195,-2450.663270111744,-34.31028279460628,-64.02532103313212,-0.17817501839478445,-0.4266392000600113,multi_day_h3_RUT_IM_thr0.005,multi_day,RUT,IM,0.005,3
302,52.671908506075766,0.5198675496688742,-16.8321420191741,24.33170647300798,385.09514254086594,1197.8488058672347,-2314.5156484137538,-52.496367291683654,-76.36872056503296,-0.31722022847400616,-0.7595822676955349,multi_day_h5_RUT_IM_thr0.005,multi_day,RUT,IM,0.005,5
183,31.917083631165116,0.4262295081967213,-12.284220051146637,-21.903307888041063,168.54804119870053,544.3565837536961,-1122.7390255668108,-22.220568418624364,-27.096857139781704,-0.41175177365358406,-0.9859375849515732,naive_short_RUT_IM_thr0.010,naive_short,RUT,IM,0.01,1
183,31.917083631165116,0.5355191256830601,0.28422005114662735,9.903307888041065,168.54804119870053,1110.7390255668108,-556.3565837536961,-2.010494754645631,-14.221920362402084,0.00952670252407376,0.022811642062384067,bounce_long_RUT_IM_thr0.010,bounce_long,RUT,IM,0.01,1
205,35.75411007862759,0.526829268292683,1.9787356365449082,6.990151652467753,123.95300475230816,516.9629629629617,-353.39762328682036,2.5262538347650354,-24.794366898044707,0.09545390562584512,0.22856390478142619,fade_short_RUT_IM_thr0.010,fade_short,RUT,IM,0.01,1
183,31.917083631165116,0.4262295081967213,-12.284220051146637,-21.903307888041063,168.54804119870053,544.3565837536961,-1122.7390255668108,-22.220568418624364,-27.096857139781704,-0.41175177365358406,-0.9859375849515732,multi_day_h1_RUT_IM_thr0.010,multi_day,RUT,IM,0.01,1
183,31.917083631165116,0.4808743169398907,-22.580696200674776,-11.822981366458977,355.83704199452484,1111.01901399464,-2450.663270111744,-41.596165861178406,-57.605475333177125,-0.35850711009378894,-0.8584435014752761,multi_day_h3_RUT_IM_thr0.010,multi_day,RUT,IM,0.01,3
183,31.917083631165116,0.5300546448087432,-23.043109957132828,29.31250000000097,416.0583787770544,1015.0895147428256,-2314.5156484137538,-44.675001821181915,-60.19185586844784,-0.31289485394019523,-0.749225179773275,multi_day_h5_RUT_IM_thr0.010,multi_day,RUT,IM,0.01,5
103,17.96426018584703,0.4174757281553398,-15.69318601912518,-21.903307888041063,152.9236299106356,544.3565837536961,-575.4224429507223,-15.947173222423928,-20.804546591569217,-0.4349518603792117,-1.0414900778381655,naive_short_RUT_IM_thr0.015,naive_short,RUT,IM,0.015,1
103,17.96426018584703,0.5436893203883495,3.693186019125171,9.903307888041065,152.9236299106356,563.4224429507221,-556.3565837536961,2.643641786908457,-12.133312044048061,0.10236022996141957,0.24510106423526087,bounce_long_RUT_IM_thr0.015,bounce_long,RUT,IM,0.015,1
103,17.96426018584703,0.49514563106796117,1.048557111444517,-3.5812024879062707,129.54687100106491,366.84654877352995,-353.39762328682036,0.22608757329511953,-10.930559184843336,0.0343059800365697,0.08214549947539251,fade_short_RUT_IM_thr0.015,fade_short,RUT,IM,0.015,1
103,17.96426018584703,0.4174757281553398,-15.69318601912518,-21.903307888041063,152.9236299106356,544.3565837536961,-575.4224429507223,-15.947173222423928,-20.804546591569217,-0.4349518603792117,-1.0414900778381655,multi_day_h1_RUT_IM_thr0.015,multi_day,RUT,IM,0.015,1
103,17.96426018584703,0.49514563106796117,-11.79369791905113,-1.1474818897090286,367.9541881979178,1111.01901399464,-2450.663270111744,-17.817397463162166,-44.30234666896873,-0.1358503987010113,-0.3252931075961075,multi_day_h3_RUT_IM_thr0.015,multi_day,RUT,IM,0.015,3
103,17.96426018584703,0.5533980582524272,2.0070784701763658,42.24087166264701,394.981412441702,1015.0895147428256,-2314.5156484137538,-6.18788656542657,-39.039085807765,0.021537354776717265,0.05157108946096952,multi_day_h5_RUT_IM_thr0.015,multi_day,RUT,IM,0.015,5
52,9.069335239456754,0.40384615384615385,-9.285084063032302,-24.590697357800945,160.28269966773135,544.3565837536961,-443.12275575718,-5.334696575905163,-13.59609561616766,-0.1744564050986321,-0.4177349989194916,naive_short_RUT_IM_thr0.020,naive_short,RUT,IM,0.02,1
52,9.069335239456754,0.5384615384615384,-2.714915936967719,12.590697357800947,160.28269966773138,431.1227557571799,-556.3565837536961,-2.0514801222032086,-7.772162388470905,-0.05101025163510411,-0.12214379517694354,bounce_long_RUT_IM_thr0.020,bounce_long,RUT,IM,0.02,1
55,9.592566118656183,0.45454545454545453,-22.646352435670558,-5.999999999999999,130.80447426816198,366.84654877352995,-353.39762328682036,-12.131909093177073,-15.082814002067234,-0.536220067297005,-1.283976298298035,fade_short_RUT_IM_thr0.020,fade_short,RUT,IM,0.02,1
52,9.069335239456754,0.40384615384615385,-9.285084063032302,-24.590697357800945,160.28269966773135,544.3565837536961,-443.12275575718,-5.334696575905163,-13.59609561616766,-0.1744564050986321,-0.4177349989194916,multi_day_h1_RUT_IM_thr0.020,multi_day,RUT,IM,0.02,1
52,9.069335239456754,0.5384615384615384,31.26293459029191,13.909537176225902,319.33048333186326,1111.01901399464,-909.463919111145,14.638275020805347,-23.66256931555314,0.29483367878267885,0.7059777852127586,multi_day_h3_RUT_IM_thr0.020,multi_day,RUT,IM,0.02,3
52,9.069335239456754,0.6346153846153846,40.24015117487461,72.17130653817506,342.56210826190096,1015.0895147428256,-925.2264811041473,19.587943414876396,-13.82591176531892,0.3537594162396664,0.847075172029873,multi_day_h5_RUT_IM_thr0.020,multi_day,RUT,IM,0.02,5
29,5.0578984989278055,0.4482758620689655,-22.8506333540854,-19.686534216335033,177.3295940167855,544.3565837536961,-443.12275575718,-6.828768368402393,-8.022878944800116,-0.28980246626126943,-0.6939305717211903,naive_short_RUT_IM_thr0.025,naive_short,RUT,IM,0.025,1
29,5.0578984989278055,0.5517241379310345,10.850633354085401,7.686534216335034,177.3295940167855,431.1227557571799,-556.3565837536961,2.7383978969554024,-5.902040158497668,0.13761282927190882,0.32951323887883865,bounce_long_RUT_IM_thr0.025,bounce_long,RUT,IM,0.025,1
32,5.581129378127233,0.5625,3.628175161387026,7.4397346119991,132.233580806028,366.84654877352995,-269.12407633489744,0.895029576147155,-3.5228427172352195,0.06481977696519428,0.15521063525989984,fade_short_RUT_IM_thr0.025,fade_short,RUT,IM,0.025,1
29,5.0578984989278055,0.4482758620689655,-22.8506333540854,-19.686534216335033,177.3295940167855,544.3565837536961,-443.12275575718,-6.828768368402393,-8.022878944800116,-0.28980246626126943,-0.6939305717211903,multi_day_h1_RUT_IM_thr0.025,multi_day,RUT,IM,0.025,1
29,5.0578984989278055,0.5517241379310345,18.768548674829187,33.46070371588228,302.4744456424121,620.7254038179149,-909.463919111145,4.231519461639532,-12.914505053495917,0.1395491053053558,0.33414964226157784,multi_day_h3_RUT_IM_thr0.025,multi_day,RUT,IM,0.025,3
29,5.0578984989278055,0.6896551724137931,35.806132495990354,111.18061674008796,315.8556061647429,612.5022026431719,-925.2264811041473,9.365166799671165,-15.773047627308278,0.25494933270882036,0.6104749158589605,multi_day_h5_RUT_IM_thr0.025,multi_day,RUT,IM,0.025,5
677,48.42802697156259,0.47858197932053176,-4.779102467357981,-3.9041497834275627,115.60539533263598,853.8562628336758,-560.7652916073976,-30.835608752781685,-42.435746502352245,-0.2876846082542444,-1.0756291749746922,naive_short_RUT_IH_thr0.005,naive_short,RUT,IH,0.005,1
677,48.42802697156259,0.45937961595273263,-7.220897532642029,-8.095850216572437,115.60539533263598,548.7652916073974,-865.8562628336759,-41.40253857847219,-43.439372241291316,-0.43467180126618493,-1.6252022442838212,bounce_long_RUT_IH_thr0.005,bounce_long,RUT,IH,0.005,1
781,55.867487540310755,0.4980793854033291,-2.5574406034240704,-1.7791659631944898,102.87047047992452,485.07142857142793,-663.6475009394956,-21.427440400199306,-24.9059696549759,-0.1858208320222965,-0.6947688632149988,fade_short_RUT_IH_thr0.005,fade_short,RUT,IH,0.005,1
677,48.42802697156259,0.47858197932053176,-4.779102467357981,-3.9041497834275627,115.60539533263598,853.8562628336758,-560.7652916073976,-30.835608752781685,-42.435746502352245,-0.2876846082542444,-1.0756291749746922,multi_day_h1_RUT_IH_thr0.005,multi_day,RUT,IH,0.005,1
677,48.42802697156259,0.49926144756277696,1.6500445110538309,-1.9128065395097535,221.15472194879226,1196.418122633362,-1964.831896912394,-5.513913481629107,-50.12761390309883,0.051921571774392564,0.19413050197570025,multi_day_h3_RUT_IH_thr0.005,multi_day,RUT,IH,0.005,3
677,48.42802697156259,0.5022156573116692,5.266009267922949,0.6558201449495874,276.0062538604129,1271.5924024640663,-1906.6188895865093,10.16664859751808,-52.35794375222,0.1327734023572028,0.4964288708481987,multi_day_h5_RUT_IH_thr0.005,multi_day,RUT,IH,0.005,5
404,28.89944297859865,0.4752475247524752,-9.037887735086406,-5.004891590270726,118.6347397266484,531.984496124032,-560.7652916073976,-32.54637760157772,-39.98367169821579,-0.40954327286075515,-1.5312487358181426,naive_short_RUT_IH_thr0.010,naive_short,RUT,IH,0.01,1
404,28.89944297859865,0.4628712871287129,-2.9621122649136025,-6.995108409729272,118.6347397266484,548.7652916073974,-543.9844961240321,-13.762313391000259,-18.90802226857794,-0.13422529545750136,-0.5018573801699259,bounce_long_RUT_IH_thr0.010,bounce_long,RUT,IH,0.01,1
474,33.90677220756376,0.510548523206751,2.600777082150932,1.631352406433645,99.2100713164819,485.07142857142793,-460.1420118343198,10.523924888674907,-16.97439150524527,0.15264781493828838,0.5707376708129402,fade_short_RUT_IH_thr0.010,fade_short,RUT,IH,0.01,1
404,28.89944297859865,0.4752475247524752,-9.037887735086406,-5.004891590270726,118.6347397266484,531.984496124032,-560.7652916073976,-32.54637760157772,-39.98367169821579,-0.40954327286075515,-1.5312487358181426,multi_day_h1_RUT_IH_thr0.010,multi_day,RUT,IH,0.01,1
404,28.89944297859865,0.4900990099009901,-2.9642501333293563,-5.050439881724261,221.2055570197449,810.7354154390093,-1964.831896912394,-19.839179306082578,-47.28870534994588,-0.07203831586453371,-0.2693453595941258,multi_day_h3_RUT_IH_thr0.010,multi_day,RUT,IH,0.01,3
404,28.89944297859865,0.5024752475247525,-0.14756480721219964,1.055447667670967,282.14735180226523,1115.7806041335455,-1906.6188895865093,-15.500762812230562,-45.75585864729822,-0.002811587167104443,-0.010512294012786711,multi_day_h5_RUT_IH_thr0.010,multi_day,RUT,IH,0.01,5
251,17.954851949574905,0.47410358565737054,-7.383214999824759,-4.4743306125556375,127.34831754172947,531.984496124032,-560.7652916073976,-18.59041653653807,-27.124690765924786,-0.2456649610095483,-0.9185211573688415,naive_short_RUT_IH_thr0.015,naive_short,RUT,IH,0.015,1
251,17.954851949574905,0.4701195219123506,-4.616785000175256,-7.525669387444361,127.34831754172947,548.7652916073974,-543.9844961240321,-12.735756835359712,-19.061047372496233,-0.15361631851225271,-0.5743588263086928,bounce_long_RUT_IH_thr0.015,bounce_long,RUT,IH,0.015,1
272,19.457050718264437,0.5220588235294118,6.386463174109969,3.5203733566356923,107.09014399073669,485.07142857142793,-460.1420118343198,17.13788060557906,-14.804646853872217,0.26305672882022846,0.9835475519857573,fade_short_RUT_IH_thr0.015,fade_short,RUT,IH,0.015,1
251,17.954851949574905,0.47410358565737054,-7.383214999824759,-4.4743306125556375,127.34831754172947,531.984496124032,-560.7652916073976,-18.59041653653807,-27.124690765924786,-0.2456649610095483,-0.9185211573688415,multi_day_h1_RUT_IH_thr0.015,multi_day,RUT,IH,0.015,1
251,17.954851949574905,0.49800796812749004,0.29260431992076097,-1.9128065395097535,238.63573928256392,810.7354154390093,-1964.831896912394,-6.439816193544933,-32.30418058245933,0.005195605423987861,0.019425942908837035,multi_day_h3_RUT_IH_thr0.015,multi_day,RUT,IH,0.015,3
251,17.954851949574905,0.50199203187251,8.38079302211587,0.8446269678312804,294.59342833870903,1115.7806041335455,-1113.8570830892832,10.782554130761568,-32.96851773582616,0.12054604739551798,0.4507117926584039,multi_day_h5_RUT_IH_thr0.015,multi_day,RUT,IH,0.015,5
140,10.014658457930226,0.5,6.780098890084463,0.06551941312760742,135.7072126190005,531.984496124032,-293.3098684693942,8.564874411070944,-10.711763410671205,0.15810702584752015,0.5911492130290615,naive_short_RUT_IH_thr0.020,naive_short,RUT,IH,0.02,1
140,10.014658457930226,0.4642857142857143,-18.780098890084467,-12.065519413127605,135.7072126190005,281.3098684693942,-543.9844961240321,-24.12617778953322,-23.949238761519176,-0.43793838832881393,-1.6374157456194693,bounce_long_RUT_IH_thr0.020,bounce_long,RUT,IH,0.02,1
146,10.443858106127236,0.5753424657534246,17.304553428488695,21.90993013215226,115.04467823157673,485.07142857142793,-460.1420118343198,27.49521061545408,-7.2120535477062315,0.4860985702735897,1.8174827192620397,fade_short_RUT_IH_thr0.020,fade_short,RUT,IH,0.02,1
140,10.014658457930226,0.5,6.780098890084463,0.06551941312760742,135.7072126190005,531.984496124032,-293.3098684693942,8.564874411070944,-10.711763410671205,0.15810702584752015,0.5911492130290615,multi_day_h1_RUT_IH_thr0.020,multi_day,RUT,IH,0.02,1
140,10.014658457930226,0.4785714285714286,-2.17119259321489,-8.15929421926053,212.9991322691464,658.5468998410175,-649.3121019108268,-6.003452240593987,-29.50273720544635,-0.032258085293355734,-0.12061033741398834,multi_day_h3_RUT_IH_thr0.020,multi_day,RUT,IH,0.02,3
140,10.014658457930226,0.4857142857142857,-8.23210692076785,-14.16459691831417,299.322560660619,1115.7806041335455,-854.2388552559183,-16.22481846292606,-41.07529213192945,-0.08703413591176948,-0.32541350186756346,multi_day_h5_RUT_IH_thr0.020,multi_day,RUT,IH,0.02,5
85,6.080328349457637,0.4588235294117647,-4.5796400628716905,-16.698456365583198,140.64608501329943,531.984496124032,-293.3098684693942,-4.610523288164837,-13.52087286505248,-0.08029106425274439,-0.30020170951827513,naive_short_RUT_IH_thr0.025,naive_short,RUT,IH,0.025,1
85,6.080328349457637,0.5294117647058824,-7.420359937128321,4.698456365583199,140.64608501329946,281.3098684693942,-543.9844961240321,-6.897994784265659,-9.818751607899657,-0.13009507042281998,-0.48641480723050734,bounce_long_RUT_IH_thr0.025,bounce_long,RUT,IH,0.025,1
84,6.008795074758135,0.5952380952380952,18.251899251522136,23.12322976271864,120.554717315653,485.07142857142793,-460.1420118343198,15.855910931813465,-6.703733905965881,0.37112272667161833,1.3875974621185228,fade_short_RUT_IH_thr0.025,fade_short,RUT,IH,0.025,1
85,6.080328349457637,0.4588235294117647,-4.5796400628716905,-16.698456365583198,140.64608501329943,531.984496124032,-293.3098684693942,-4.610523288164837,-13.52087286505248,-0.08029106425274439,-0.30020170951827513,multi_day_h1_RUT_IH_thr0.025,multi_day,RUT,IH,0.025,1
85,6.080328349457637,0.5294117647058824,17.01343155026902,24.393289161753103,222.94502925347876,658.5468998410175,-476.0536352800944,13.174284390484248,-20.664195814987284,0.1881731437666357,0.7035639640589437,multi_day_h3_RUT_IH_thr0.025,multi_day,RUT,IH,0.025,3
85,6.080328349457637,0.47058823529411764,1.1496911407173693,-38.23140495867804,304.0735560457421,1115.7806041335455,-854.2388552559183,-2.8171277806340767,-29.503008894774997,0.00932322248251657,0.034858764839139925,multi_day_h5_RUT_IH_thr0.025,multi_day,RUT,IH,0.025,5
