n_trades,trades_per_year,hit_rate,mean_ret_bps,median_ret_bps,std_ret_bps,best_ret_bps,worst_ret_bps,total_ret_pct,max_dd_pct,sharpe_ann,t_stat,name,family,us_code,cn_fut,threshold,hold_days,sample_start
208,36.277340957827015,0.4855769230769231,-1.055586059788944,-1.8565268085747264,118.48087968828831,620.5949937557691,-358.0779718556644,-3.574305398778088,-17.257645173342762,-0.05366153598766603,-0.12849228244243865,naive_short_SPX_IF_thr0.005,naive_short,SPX,IF,0.005,1,2022-07-22
208,36.277340957827015,0.4423076923076923,-10.944413940211067,-10.143473191425272,118.48087968828831,346.0779718556643,-632.5949937557691,-21.528955997135157,-24.17432621674124,-0.5563677703682206,-1.3322198736252129,bounce_long_SPX_IF_thr0.005,bounce_long,SPX,IF,0.005,1,2022-07-22
282,49.18370264474625,0.5177304964539007,3.9625862944926333,4.450606715363132,93.35557802189139,600.4947468958925,-413.4626865671638,10.468750845579788,-18.789584685386973,0.2976795982603975,0.7127923253225218,fade_short_SPX_IF_thr0.005,fade_short,SPX,IF,0.005,1,2022-07-22
208,36.277340957827015,0.4855769230769231,-1.055586059788944,-1.8565268085747264,118.48087968828831,620.5949937557691,-358.0779718556644,-3.574305398778088,-17.257645173342762,-0.05366153598766603,-0.12849228244243865,multi_day_h1_SPX_IF_thr0.005,multi_day,SPX,IF,0.005,1,2022-07-22
208,36.277340957827015,0.5384615384615384,9.262216770364752,18.03938467857747,193.5225227513953,1149.8985667034171,-540.3467824894277,16.67868223681075,-23.766810307447507,0.2882711279743146,0.6902637897690759,multi_day_h3_SPX_IF_thr0.005,multi_day,SPX,IF,0.005,3,2022-07-22
208,36.277340957827015,0.5288461538461539,18.661424495262683,15.288718038068312,241.604511394762,1254.8599779492836,-757.953125,38.83734716792158,-26.992370192521932,0.46521903481037913,1.1139646772726286,multi_day_h5_SPX_IF_thr0.005,multi_day,SPX,IF,0.005,5,2022-07-22
106,18.487491065046463,0.4056603773584906,-12.024115479211508,-13.069860071476917,120.57704634844006,620.5949937557691,-358.0779718556644,-12.639681042215955,-16.765206581199987,-0.42877305534059973,-1.0266949597416468,naive_short_SPX_IF_thr0.010,naive_short,SPX,IF,0.01,1,2022-07-22
106,18.487491065046463,0.5188679245283019,0.024115479211499688,1.0698600714769193,120.57704634844006,346.0779718556643,-632.5949937557691,-0.7414522623721553,-9.46640001578266,0.0008599441447809096,0.0020591320002712418,bounce_long_SPX_IF_thr0.010,bounce_long,SPX,IF,0.01,1,2022-07-22
128,22.324517512508933,0.5390625,5.191407313433358,7.358013415204485,82.15224457163731,236.39492636783822,-413.4626865671638,6.410459754156328,-6.767277512778724,0.2985772485248038,0.7149417444396924,fade_short_SPX_IF_thr0.010,fade_short,SPX,IF,0.01,1,2022-07-22
106,18.487491065046463,0.4056603773584906,-12.024115479211508,-13.069860071476917,120.57704634844006,620.5949937557691,-358.0779718556644,-12.639681042215955,-16.765206581199987,-0.42877305534059973,-1.0266949597416468,multi_day_h1_SPX_IF_thr0.010,multi_day,SPX,IF,0.01,1,2022-07-22
106,18.487491065046463,0.4811320754716981,-14.640163479033575,-21.67497382955363,183.56888914390586,560.1790403914324,-540.3467824894277,-15.888918646085394,-29.438979134825228,-0.3429144885969968,-0.821107046442674,multi_day_h3_SPX_IF_thr0.010,multi_day,SPX,IF,0.01,3,2022-07-22
106,18.487491065046463,0.4716981132075472,3.605733864635091,-9.522028637450434,237.2322104035006,1089.1201898277106,-757.953125,0.8970266382366532,-24.336999728956933,0.06535201788684293,0.15648508351362894,multi_day_h5_SPX_IF_thr0.010,multi_day,SPX,IF,0.01,5,2022-07-22
51,8.894924946390278,0.43137254901960786,-1.2828740800285503,-10.125838060855534,136.33654311792836,620.5949937557691,-332.89450222882726,-1.1067712711682165,-7.49653754866274,-0.028063568647990107,-0.06719807628855666,naive_short_SPX_IF_thr0.015,naive_short,SPX,IF,0.015,1,2022-07-22
51,8.894924946390278,0.49019607843137253,-10.717125919971453,-1.874161939144464,136.33654311792836,320.89450222882715,-632.5949937557691,-5.768366600288067,-9.38141917591051,-0.23444296182021201,-0.5613725122174753,bounce_long_SPX_IF_thr0.015,bounce_long,SPX,IF,0.015,1,2022-07-22
48,8.37169406719085,0.6041666666666666,3.913881465411962,12.285021727551532,95.62850577916839,236.39492636783822,-413.4626865671638,1.6752108654561004,-4.134626865671642,0.11842052260927005,0.28355735552536,fade_short_SPX_IF_thr0.015,fade_short,SPX,IF,0.015,1,2022-07-22
51,8.894924946390278,0.43137254901960786,-1.2828740800285503,-10.125838060855534,136.33654311792836,620.5949937557691,-332.89450222882726,-1.1067712711682165,-7.49653754866274,-0.028063568647990107,-0.06719807628855666,multi_day_h1_SPX_IF_thr0.015,multi_day,SPX,IF,0.015,1,2022-07-22
51,8.894924946390278,0.5098039215686274,-23.972684030891585,4.935221828786147,179.13527454624708,311.9881533825202,-540.3467824894277,-12.238117971048212,-20.43807650874848,-0.39912294141519417,-0.9556979086354438,multi_day_h3_SPX_IF_thr0.015,multi_day,SPX,IF,0.015,3,2022-07-22
51,8.894924946390278,0.5098039215686274,-6.924551309824525,0.9645344476587662,269.97817636277273,1089.1201898277106,-757.953125,-5.2018606074434315,-20.910734038920953,-0.07649518903180037,-0.18316735169155443,multi_day_h5_SPX_IF_thr0.015,multi_day,SPX,IF,0.015,5,2022-07-22
21,3.662616154395997,0.5238095238095238,28.668962696479483,1.0334902342694687,155.95256337251965,620.5949937557691,-123.39264751312817,5.9465781533708295,-2.7753632863913746,0.35181565869677306,0.8424208542097779,naive_short_SPX_IF_thr0.020,naive_short,SPX,IF,0.02,1,2022-07-22
21,3.662616154395997,0.42857142857142855,-40.668962696479504,-13.033490234269467,155.95256337251965,111.39264751312817,-632.5949937557691,-8.433348837276355,-10.204124051045426,-0.4990755351372873,-1.19503389980695,bounce_long_SPX_IF_thr0.020,bounce_long,SPX,IF,0.02,1,2022-07-22
20,3.488205861329521,0.7,-3.806905555579384,12.804186003788526,126.86677721389485,236.39492636783822,-413.4626865671638,-0.912463588795609,-4.134626865671642,-0.05604349986568054,-0.13419588316404069,fade_short_SPX_IF_thr0.020,fade_short,SPX,IF,0.02,1,2022-07-22
21,3.662616154395997,0.5238095238095238,28.668962696479483,1.0334902342694687,155.95256337251965,620.5949937557691,-123.39264751312817,5.9465781533708295,-2.7753632863913746,0.35181565869677306,0.8424208542097779,multi_day_h1_SPX_IF_thr0.020,multi_day,SPX,IF,0.02,1,2022-07-22
21,3.662616154395997,0.5238095238095238,24.916432931627885,31.70250368188566,165.84694366892563,311.9881533825202,-335.96449057634663,5.07578417092398,-5.96396104171637,0.28752399830175945,0.6884747914644215,multi_day_h3_SPX_IF_thr0.020,multi_day,SPX,IF,0.02,3,2022-07-22
21,3.662616154395997,0.5238095238095238,13.906800367154093,0.9645344476587662,195.98326741322472,346.6349393448258,-390.6778120435013,2.5663917159975735,-7.954780853779586,0.1358013007440949,0.3251755427811739,multi_day_h5_SPX_IF_thr0.020,multi_day,SPX,IF,0.02,5,2022-07-22
10,1.7441029306647604,0.5,56.00953999289327,-13.243981066442638,222.12629347692751,620.5949937557691,-123.39264751312817,5.517928518767956,-2.1518458563448917,0.33300295851930345,0.7973739367070075,naive_short_SPX_IF_thr0.025,naive_short,SPX,IF,0.025,1,2022-07-22
10,1.7441029306647604,0.5,-68.00953999289328,1.2439810664426412,222.12629347692751,111.39264751312817,-632.5949937557691,-6.812174285827743,-8.039227581376496,-0.4043485811175015,-0.9682106770497811,bounce_long_SPX_IF_thr0.025,bounce_long,SPX,IF,0.025,1,2022-07-22
11,1.9185132237312366,0.7272727272727273,-29.257572428096307,9.974440894568344,141.89435735631596,70.23888182973326,-413.4626865671638,-3.2715293535669376,-4.276155513360457,-0.285598263097016,-0.6838636280438644,fade_short_SPX_IF_thr0.025,fade_short,SPX,IF,0.025,1,2022-07-22
10,1.7441029306647604,0.5,56.00953999289327,-13.243981066442638,222.12629347692751,620.5949937557691,-123.39264751312817,5.517928518767956,-2.1518458563448917,0.33300295851930345,0.7973739367070075,multi_day_h1_SPX_IF_thr0.025,multi_day,SPX,IF,0.025,1,2022-07-22
10,1.7441029306647604,0.4,-6.540579628146578,-36.34273645688534,170.9405970392437,279.34944256175976,-335.96449057634663,-0.7831408129811979,-3.883697004837472,-0.05053090503947452,-0.1209960021251827,multi_day_h3_SPX_IF_thr0.025,multi_day,SPX,IF,0.025,3,2022-07-22
10,1.7441029306647604,0.4,-17.762116817229167,-48.90624719929692,186.58803258155783,346.6349393448258,-293.3030583873959,-1.9156802731123523,-6.957111000111027,-0.12571786368372248,-0.30103080262595866,multi_day_h5_SPX_IF_thr0.025,multi_day,SPX,IF,0.025,5,2022-07-22
208,36.277340957827015,0.46153846153846156,-6.20992589978945,-5.830707636027659,135.54044688354034,607.6986301369861,-427.3861386138618,-13.76721484959088,-16.314406126095992,-0.2759530688491633,-0.6607682581351063,naive_short_SPX_IC_thr0.005,naive_short,SPX,IC,0.005,1,2022-07-22
208,36.277340957827015,0.4807692307692308,-5.7900741002105605,-6.169292363972339,135.54044688354034,415.3861386138617,-619.6986301369863,-13.033839165680238,-23.19748625299558,-0.2572959392110195,-0.6160938535190965,bounce_long_SPX_IC_thr0.005,bounce_long,SPX,IC,0.005,1,2022-07-22
282,49.18370264474625,0.5319148936170213,8.486124618712385,8.89798277556187,118.08424318938383,601.359482410027,-353.382630868458,24.579194473727718,-28.85201305378684,0.5039971314933845,1.2068186379329826,fade_short_SPX_IC_thr0.005,fade_short,SPX,IC,0.005,1,2022-07-22
208,36.277340957827015,0.46153846153846156,-6.20992589978945,-5.830707636027659,135.54044688354034,607.6986301369861,-427.3861386138618,-13.76721484959088,-16.314406126095992,-0.2759530688491633,-0.6607682581351063,multi_day_h1_SPX_IC_thr0.005,multi_day,SPX,IC,0.005,1,2022-07-22
208,36.277340957827015,0.5,12.6102150418293,0.29136415659425957,243.49079444682812,1182.3387320684858,-746.9900990099017,22.33747299071198,-26.882224113263586,0.31193037647827077,0.7469157432622618,multi_day_h3_SPX_IC_thr0.005,multi_day,SPX,IC,0.005,3,2022-07-22
208,36.277340957827015,0.5048076923076923,3.5117548059629624,0.5569560405315258,301.4308923077357,1347.694277340738,-1035.2473118279588,-2.0410180374695885,-40.33207942868866,0.07017043190918866,0.1680227520519682,multi_day_h5_SPX_IC_thr0.005,multi_day,SPX,IC,0.005,5,2022-07-22
106,18.487491065046463,0.3867924528301887,-14.893219323651742,-30.369399312265116,140.8462250530136,607.6986301369861,-427.3861386138618,-15.494038915733487,-15.242610012846924,-0.4546554089234164,-1.0886701273477837,naive_short_SPX_IC_thr0.010,naive_short,SPX,IC,0.01,1,2022-07-22
106,18.487491065046463,0.5754716981132075,2.8932193236517363,18.369399312265116,140.8462250530136,415.3861386138617,-619.6986301369863,2.0363634844460465,-12.47206974615256,0.08832326887250033,0.21148963035298257,bounce_long_SPX_IC_thr0.010,bounce_long,SPX,IC,0.01,1,2022-07-22
128,22.324517512508933,0.5703125,17.354587991703415,13.319761685565597,118.60364193051642,601.359482410027,-233.01812191103787,23.7551798215355,-5.996912911177477,0.6913648943624487,1.655469819157339,fade_short_SPX_IC_thr0.010,fade_short,SPX,IC,0.01,1,2022-07-22
106,18.487491065046463,0.3867924528301887,-14.893219323651742,-30.369399312265116,140.8462250530136,607.6986301369861,-427.3861386138618,-15.494038915733487,-15.242610012846924,-0.4546554089234164,-1.0886701273477837,multi_day_h1_SPX_IC_thr0.010,multi_day,SPX,IC,0.01,1,2022-07-22
106,18.487491065046463,0.44339622641509435,-12.523621837580583,-21.267571014293544,241.3743658853208,797.0044383748713,-746.9900990099017,-15.065355643934474,-29.75632235658673,-0.22308881053299087,-0.5341850531326826,multi_day_h3_SPX_IC_thr0.010,multi_day,SPX,IC,0.01,3,2022-07-22
106,18.487491065046463,0.4811320754716981,-10.766768473241012,-21.606499582987432,307.8401386683091,1049.7644110275698,-1035.2473118279588,-15.127491123606596,-33.46670242557187,-0.1503831289446838,-0.3600916582667209,multi_day_h5_SPX_IC_thr0.010,multi_day,SPX,IC,0.01,5,2022-07-22
51,8.894924946390278,0.4117647058823529,-14.687601881344694,-29.225057256217596,158.24697523637212,607.6986301369861,-427.3861386138618,-7.79731921227852,-10.627219664906384,-0.2768130869665344,-0.6628275672623789,naive_short_SPX_IC_thr0.015,naive_short,SPX,IC,0.015,1,2022-07-22
51,8.894924946390278,0.5490196078431373,2.6876018813446865,17.225057256217596,158.24697523637212,415.3861386138617,-619.6986301369863,0.7405116616835627,-7.3815174811909685,0.050652474060930645,0.12128709854562027,bounce_long_SPX_IC_thr0.015,bounce_long,SPX,IC,0.015,1,2022-07-22
48,8.37169406719085,0.5625,7.801526366365124,16.962961614053093,99.44155417379075,327.70104798676186,-233.01812191103787,3.5739285675431054,-5.69883549191097,0.22699607712729564,0.5435409836623029,fade_short_SPX_IC_thr0.015,fade_short,SPX,IC,0.015,1,2022-07-22
51,8.894924946390278,0.4117647058823529,-14.687601881344694,-29.225057256217596,158.24697523637212,607.6986301369861,-427.3861386138618,-7.79731921227852,-10.627219664906384,-0.2768130869665344,-0.6628275672623789,multi_day_h1_SPX_IC_thr0.015,multi_day,SPX,IC,0.015,1,2022-07-22
51,8.894924946390278,0.47058823529411764,-30.294635774855795,-14.325008325007486,242.84938868429774,574.6451612903229,-746.9900990099017,-15.603243790558086,-25.32878393192146,-0.37204876293267136,-0.8908689222032827,multi_day_h3_SPX_IC_thr0.015,multi_day,SPX,IC,0.015,3,2022-07-22
51,8.894924946390278,0.5098039215686274,-37.508574503028775,31.878787878786735,347.97595270405395,1049.7644110275698,-1035.2473118279588,-19.930353409230285,-32.22264631286673,-0.32147889784152006,-0.7697796304271072,multi_day_h5_SPX_IC_thr0.015,multi_day,SPX,IC,0.015,5,2022-07-22
21,3.662616154395997,0.2857142857142857,-16.554686427152127,-50.198895027625085,170.14594277744118,607.6986301369861,-193.91227515030596,-3.6925272273578558,-5.535908901442244,-0.18620659758691466,-0.44587077670088876,naive_short_SPX_IC_thr0.020,naive_short,SPX,IC,0.02,1,2022-07-22
21,3.662616154395997,0.6666666666666666,4.554686427152129,38.198895027625085,170.14594277744118,181.91227515030596,-619.6986301369863,0.6610786610260044,-6.196986301369867,0.05123097114568528,0.12267230695306325,bounce_long_SPX_IC_thr0.020,bounce_long,SPX,IC,0.02,1,2022-07-22
20,3.488205861329521,0.55,-0.47556689077481873,19.5508260085352,100.60554789014263,170.63999999999902,-233.01812191103787,-0.19151646536837985,-3.561648612587043,-0.008828577513411522,-0.021139985178191243,fade_short_SPX_IC_thr0.020,fade_short,SPX,IC,0.02,1,2022-07-22
21,3.662616154395997,0.2857142857142857,-16.554686427152127,-50.198895027625085,170.14594277744118,607.6986301369861,-193.91227515030596,-3.6925272273578558,-5.535908901442244,-0.18620659758691466,-0.44587077670088876,multi_day_h1_SPX_IC_thr0.020,multi_day,SPX,IC,0.02,1,2022-07-22
21,3.662616154395997,0.47619047619047616,7.323184416552557,-12.945540647198543,233.24778376723742,471.87610619469007,-543.4485797045004,0.9975441937854601,-9.062563109869593,0.06008667168438575,0.14387723808112296,multi_day_h3_SPX_IC_thr0.020,multi_day,SPX,IC,0.02,3,2022-07-22
21,3.662616154395997,0.5238095238095238,-26.356469996024597,31.878787878786735,285.3663246567739,470.91069991954936,-595.4326548289297,-6.165363901098719,-13.283887598632315,-0.17675846640183146,-0.42324727332100126,multi_day_h5_SPX_IC_thr0.020,multi_day,SPX,IC,0.02,5,2022-07-22
10,1.7441029306647604,0.3,-2.699180866250872,-76.36421129214875,237.58128334285513,607.6986301369861,-190.5070422535211,-0.5159493829997586,-3.1055502051110517,-0.015003957270283039,-0.03592690145452807,naive_short_SPX_IC_thr0.025,naive_short,SPX,IC,0.025,1,2022-07-22
10,1.7441029306647604,0.7,-9.300819133749139,64.36421129214877,237.58128334285513,178.5070422535211,-619.6986301369863,-1.1854445417156079,-6.196986301369867,-0.051700534264395144,-0.1237966735177417,bounce_long_SPX_IC_thr0.025,bounce_long,SPX,IC,0.025,1,2022-07-22
11,1.9185132237312366,0.5454545454545454,-3.40981738192157,19.313117996044188,114.38821609233804,170.63999999999902,-233.01812191103787,-0.4399837318156963,-2.7787480571886958,-0.04128879721981512,-0.09886582067454176,fade_short_SPX_IC_thr0.025,fade_short,SPX,IC,0.025,1,2022-07-22
10,1.7441029306647604,0.3,-2.699180866250872,-76.36421129214875,237.58128334285513,607.6986301369861,-190.5070422535211,-0.5159493829997586,-3.1055502051110517,-0.015003957270283039,-0.03592690145452807,multi_day_h1_SPX_IC_thr0.025,multi_day,SPX,IC,0.025,1,2022-07-22
10,1.7441029306647604,0.5,41.660035138293644,-27.375629274701932,235.7754045368019,471.87610619469007,-279.22038438357896,3.9890600792415576,-4.25176477200927,0.23334966898868517,0.5587546279412383,multi_day_h3_SPX_IC_thr0.025,multi_day,SPX,IC,0.025,3,2022-07-22
10,1.7441029306647604,0.6,10.738356993922437,83.88922694898649,284.1702751760567,470.91069991954936,-448.5674496527177,0.7123431263481583,-8.08109237170964,0.04990513628949989,0.11949760194923781,multi_day_h5_SPX_IC_thr0.025,multi_day,SPX,IC,0.025,5,2022-07-22
208,36.277340957827015,0.44711538461538464,-8.743404237618634,-8.88169822542761,143.13413495233624,544.3565837536961,-443.12275575718,-18.38116800195827,-21.936441550896358,-0.36792141220921176,-0.8809860013152248,naive_short_SPX_IM_thr0.005,naive_short,SPX,IM,0.005,1,2022-07-22
208,36.277340957827015,0.4951923076923077,-3.256595762381381,-3.1183017745723904,143.13413495233624,431.1227557571799,-556.3565837536961,-8.520673549012747,-22.656594376345783,-0.13703716302338412,-0.3281348088947432,bounce_long_SPX_IM_thr0.005,bounce_long,SPX,IM,0.005,1,2022-07-22
282,49.18370264474625,0.5070921985815603,1.1702657687984597,0.8151626524304293,153.29743237638638,713.3359975407332,-1101.3783041651511,-0.021766772646003574,-28.852635968005792,0.053537764258117584,0.12819591164837146,fade_short_SPX_IM_thr0.005,fade_short,SPX,IM,0.005,1,2022-07-22
208,36.277340957827015,0.44711538461538464,-8.743404237618634,-8.88169822542761,143.13413495233624,544.3565837536961,-443.12275575718,-18.38116800195827,-21.936441550896358,-0.36792141220921176,-0.8809860013152248,multi_day_h1_SPX_IM_thr0.005,multi_day,SPX,IM,0.005,1,2022-07-22
208,36.277340957827015,0.4807692307692308,11.216653469821695,-15.254746408325907,288.9810747992997,1117.926534194195,-909.463919111145,15.94393555934268,-33.356522510491246,0.2337822985375178,0.5597905572555674,multi_day_h3_SPX_IM_thr0.005,multi_day,SPX,IM,0.005,3,2022-07-22
208,36.277340957827015,0.5,5.188979402877016,3.0191309057446882,329.88592501372415,1197.8488058672347,-925.2264811041473,-0.46345722644555165,-39.67681908559708,0.094740546151583,0.22685576904951302,multi_day_h5_SPX_IM_thr0.005,multi_day,SPX,IM,0.005,5,2022-07-22
106,18.487491065046463,0.39622641509433965,-13.53032088189929,-34.69652376037535,158.41781853590405,544.3565837536961,-443.12275575718,-14.498970355570984,-14.796044958420252,-0.36723414642244806,-0.879340346788933,naive_short_SPX_IM_thr0.010,naive_short,SPX,IM,0.01,1,2022-07-22
106,18.487491065046463,0.5471698113207547,1.5303208818992817,22.69652376037535,158.41781853590405,431.1227557571799,-556.3565837536961,0.2951844145798743,-16.037797147841758,0.04153531078250696,0.0994560961808294,bounce_long_SPX_IM_thr0.010,bounce_long,SPX,IM,0.01,1,2022-07-22
128,22.324517512508933,0.5078125,14.84663580135476,0.8151626524304293,142.90506701886903,713.3359975407332,-269.12407633489744,19.383608691775358,-7.788234685575679,0.490875625756082,1.175399257361113,fade_short_SPX_IM_thr0.010,fade_short,SPX,IM,0.01,1,2022-07-22
106,18.487491065046463,0.39622641509433965,-13.53032088189929,-34.69652376037535,158.41781853590405,544.3565837536961,-443.12275575718,-14.498970355570984,-14.796044958420252,-0.36723414642244806,-0.879340346788933,multi_day_h1_SPX_IM_thr0.010,multi_day,SPX,IM,0.01,1,2022-07-22
106,18.487491065046463,0.42452830188679247,-13.071415118718493,-58.3298964798824,297.576160384246,1111.01901399464,-909.463919111145,-16.859205990044778,-36.12464682352214,-0.1888702085477823,-0.45224877996898843,multi_day_h3_SPX_IM_thr0.010,multi_day,SPX,IM,0.01,3,2022-07-22
106,18.487491065046463,0.5094339622641509,0.4843863474963313,16.372291629834674,331.2968774001685,1015.0895147428256,-925.2264811041473,-5.094978036000275,-30.639786869820394,0.006286566877862413,0.015053153287472837,multi_day_h5_SPX_IM_thr0.010,multi_day,SPX,IM,0.01,5,2022-07-22
51,8.894924946390278,0.37254901960784315,-16.029958061539002,-29.494860499266856,176.22457274211058,544.3565837536961,-443.12275575718,-8.56611822882355,-12.229538279592877,-0.2712920478274058,-0.6496074663580043,naive_short_SPX_IM_thr0.015,naive_short,SPX,IM,0.015,1,2022-07-22
51,8.894924946390278,0.5490196078431373,4.029958061538993,17.494860499266856,176.22457274211058,431.1227557571799,-556.3565837536961,1.2809994379651357,-8.847422043125807,0.06820327108631942,0.16331239519375393,bounce_long_SPX_IM_thr0.015,bounce_long,SPX,IM,0.015,1,2022-07-22
48,8.37169406719085,0.5,-5.094641523547028,-1.2930971900283414,105.57664276372223,285.0326086956516,-269.12407633489744,-2.672061852750862,-10.115479202352573,-0.1396215509173858,-0.3343231129211731,fade_short_SPX_IM_thr0.015,fade_short,SPX,IM,0.015,1,2022-07-22
51,8.894924946390278,0.37254901960784315,-16.029958061539002,-29.494860499266856,176.22457274211058,544.3565837536961,-443.12275575718,-8.56611822882355,-12.229538279592877,-0.2712920478274058,-0.6496074663580043,multi_day_h1_SPX_IM_thr0.015,multi_day,SPX,IM,0.015,1,2022-07-22
51,8.894924946390278,0.45098039215686275,-20.005834434694567,-29.59312582106643,320.00965281098115,1111.01901399464,-909.463919111145,-11.979381739200356,-27.821056718747727,-0.18645100802719913,-0.4464560162909769,multi_day_h3_SPX_IM_thr0.015,multi_day,SPX,IM,0.015,3,2022-07-22
51,8.894924946390278,0.5294117647058824,-32.92692551761909,29.31250000000097,353.6439656297108,1015.0895147428256,-925.2264811041473,-18.10456493736543,-32.99172405831931,-0.2776873354955473,-0.6649209510399254,multi_day_h5_SPX_IM_thr0.015,multi_day,SPX,IM,0.015,5,2022-07-22
21,3.662616154395997,0.2857142857142857,-27.762915698620038,-59.12843029637637,182.23855640024405,544.3565837536961,-216.98109810981035,-5.979892621280691,-7.40834262583876,-0.2915550117109371,-0.6981270331300415,naive_short_SPX_IM_thr0.020,naive_short,SPX,IM,0.02,1,2022-07-22
21,3.662616154395997,0.6666666666666666,15.762915698620036,47.12843029637637,182.23855640024408,204.98109810981038,-556.3565837536961,3.0144312671657847,-5.972611190631993,0.16553582199358519,0.3963747068073092,bounce_long_SPX_IM_thr0.020,bounce_long,SPX,IM,0.02,1,2022-07-22
20,3.488205861329521,0.4,-19.666188970702212,-5.61089494163402,116.78607667955535,221.94117647058854,-269.12407633489744,-3.9856403856038725,-5.609904985974879,-0.31450691073286663,-0.7530852417879889,fade_short_SPX_IM_thr0.020,fade_short,SPX,IM,0.02,1,2022-07-22
21,3.662616154395997,0.2857142857142857,-27.762915698620038,-59.12843029637637,182.23855640024405,544.3565837536961,-216.98109810981035,-5.979892621280691,-7.40834262583876,-0.2915550117109371,-0.6981270331300415,multi_day_h1_SPX_IM_thr0.020,multi_day,SPX,IM,0.02,1,2022-07-22
21,3.662616154395997,0.47619047619047616,33.421582741412266,-1.1474818897090286,300.8784077347848,620.7254038179149,-520.320987654322,6.302304541158521,-12.026695369492103,0.21258454800348545,0.5090326484735808,multi_day_h3_SPX_IM_thr0.020,multi_day,SPX,IM,0.02,3,2022-07-22
21,3.662616154395997,0.5238095238095238,-17.18095896797631,29.31250000000097,335.88272652669974,612.5022026431719,-752.4324917672883,-4.637443937008334,-14.327458656350512,-0.09789385565918828,-0.23440635306508747,multi_day_h5_SPX_IM_thr0.020,multi_day,SPX,IM,0.02,5,2022-07-22
10,1.7441029306647604,0.3,-33.67191292954785,-130.50154001212633,247.15534002084098,544.3565837536961,-216.98109810981035,-3.577996939526662,-4.334920020867672,-0.1799218249107613,-0.4308219196205319,naive_short_SPX_IM_thr0.025,naive_short,SPX,IM,0.025,1,2022-07-22
10,1.7441029306647604,0.7,21.671912929547844,118.50154001212633,247.155340020841,204.98109810981038,-556.3565837536961,1.9024740886408376,-5.563565837536966,0.11580126533796337,0.2772855569474829,bounce_long_SPX_IM_thr0.025,bounce_long,SPX,IM,0.025,1,2022-07-22
11,1.9185132237312366,0.36363636363636365,-20.784399435769014,-15.014423076922904,133.10635879061334,221.94117647058854,-269.12407633489744,-2.3496980851954397,-3.6724873181508078,-0.2162823478524301,-0.5178870119177322,fade_short_SPX_IM_thr0.025,fade_short,SPX,IM,0.025,1,2022-07-22
10,1.7441029306647604,0.3,-33.67191292954785,-130.50154001212633,247.15534002084098,544.3565837536961,-216.98109810981035,-3.577996939526662,-4.334920020867672,-0.1799218249107613,-0.4308219196205319,multi_day_h1_SPX_IM_thr0.025,multi_day,SPX,IM,0.025,1,2022-07-22
10,1.7441029306647604,0.5,62.08988582218053,-40.236786718432334,322.86449003352527,620.7254038179149,-342.9782843061753,5.8994930372000765,-4.238630347223893,0.2539724654917572,0.6081358121405638,multi_day_h3_SPX_IM_thr0.025,multi_day,SPX,IM,0.025,3,2022-07-22
10,1.7441029306647604,0.6,12.628150599918834,116.94444602459932,320.6856335958382,612.5022026431719,-490.1871406168319,0.804644710389657,-7.745401645140104,0.052005144096119615,0.12452606025280798,multi_day_h5_SPX_IM_thr0.025,multi_day,SPX,IM,0.025,5,2022-07-22
208,36.277340957827015,0.5048076923076923,0.22721594668196815,3.788388843405827,125.35792672760752,853.8562628336758,-404.9614885331028,-1.1292965516632503,-19.50905879898147,0.010917035706816765,0.026140787990058784,naive_short_SPX_IH_thr0.005,naive_short,SPX,IH,0.005,1,2022-07-22
208,36.277340957827015,0.4375,-12.227215946681984,-15.788388843405825,125.35792672760752,392.96148853310274,-865.8562628336759,-23.738718483715658,-25.027333749245496,-0.5874805665454639,-1.4067193101471052,bounce_long_SPX_IH_thr0.005,bounce_long,SPX,IH,0.005,1,2022-07-22
282,49.18370264474625,0.5106382978723404,3.137357252628437,0.7057866688846618,90.18124518051226,536.177258478198,-460.1420118343198,8.013094952576072,-14.14147024351382,0.24398232042574722,0.5842144592043053,fade_short_SPX_IH_thr0.005,fade_short,SPX,IH,0.005,1,2022-07-22
208,36.277340957827015,0.5048076923076923,0.22721594668196815,3.788388843405827,125.35792672760752,853.8562628336758,-404.9614885331028,-1.1292965516632503,-19.50905879898147,0.010917035706816765,0.026140787990058784,multi_day_h1_SPX_IH_thr0.005,multi_day,SPX,IH,0.005,1,2022-07-22
208,36.277340957827015,0.5384615384615384,10.579402413585216,17.00025750974155,193.2961172186717,1170.2063655030806,-475.75088967971425,19.93290865637407,-24.919711381409073,0.329652011390927,0.7893501103862701,multi_day_h3_SPX_IH_thr0.005,multi_day,SPX,IH,0.005,3,2022-07-22
208,36.277340957827015,0.5336538461538461,21.56257544040589,19.30196450548139,238.99875467468087,1271.5924024640663,-722.5729121592391,47.63087430654913,-24.611798460034006,0.5434038577589738,1.301177849018811,multi_day_h5_SPX_IH_thr0.005,multi_day,SPX,IH,0.005,5,2022-07-22
106,18.487491065046463,0.4339622641509434,-12.147087418466981,-14.3134861996903,116.60127870183173,531.984496124032,-357.7587939698497,-12.712706648890748,-18.902064998490932,-0.44792760946032834,-1.0725604448179005,naive_short_SPX_IH_thr0.010,naive_short,SPX,IH,0.01,1,2022-07-22
106,18.487491065046463,0.5094339622641509,0.1470874184669702,2.3134861996903013,116.60127870183173,345.75879396984965,-543.9844961240321,-0.5597040399866526,-7.074073855422725,0.005423894096245489,0.012987487579797159,bounce_long_SPX_IH_thr0.010,bounce_long,SPX,IH,0.01,1,2022-07-22
128,22.324517512508933,0.53125,1.6026331496647588,3.442509981725245,85.21422130372224,327.3333333333332,-460.1420118343198,1.6003686549332707,-8.046396737335382,0.08886138597860782,0.2127781491013271,fade_short_SPX_IH_thr0.010,fade_short,SPX,IH,0.01,1,2022-07-22
106,18.487491065046463,0.4339622641509434,-12.147087418466981,-14.3134861996903,116.60127870183173,531.984496124032,-357.7587939698497,-12.712706648890748,-18.902064998490932,-0.44792760946032834,-1.0725604448179005,multi_day_h1_SPX_IH_thr0.010,multi_day,SPX,IH,0.01,1,2022-07-22
106,18.487491065046463,0.5,-8.110904293532041,-0.18281836409461097,182.4122613158703,475.0517038777906,-469.4669305624284,-9.833148122654178,-24.286575937081455,-0.1911851861410712,-0.45779198236321667,multi_day_h3_SPX_IH_thr0.010,multi_day,SPX,IH,0.01,3,2022-07-22
106,18.487491065046463,0.49056603773584906,-1.1529853962752112,-17.442523062039633,232.39509907741362,869.3831202810802,-688.4880961378587,-3.9733723753068606,-25.03642269232903,-0.021332209001771404,-0.051079868917780526,multi_day_h5_SPX_IH_thr0.010,multi_day,SPX,IH,0.01,5,2022-07-22
51,8.894924946390278,0.47058823529411764,3.8944189768251114,-4.4743306125556375,129.13858005186478,531.984496124032,-290.1624685138533,1.584994765259462,-7.65958997552143,0.08994102030703029,0.21536332815945353,naive_short_SPX_IH_thr0.015,naive_short,SPX,IH,0.015,1,2022-07-22
51,8.894924946390278,0.47058823529411764,-15.894418976825122,-7.525669387444361,129.13858005186478,278.1624685138533,-543.9844961240321,-8.180718776095786,-10.417128440541157,-0.36707921476094263,-0.8789693636919527,bounce_long_SPX_IH_thr0.015,bounce_long,SPX,IH,0.015,1,2022-07-22
48,8.37169406719085,0.5625,2.232609085364486,23.274151496374024,107.04970889629342,327.3333333333332,-460.1420118343198,0.8028769087073062,-5.550273069530087,0.06034396901284405,0.1444933352611878,fade_short_SPX_IH_thr0.015,fade_short,SPX,IH,0.015,1,2022-07-22
51,8.894924946390278,0.47058823529411764,3.8944189768251114,-4.4743306125556375,129.13858005186478,531.984496124032,-290.1624685138533,1.584994765259462,-7.65958997552143,0.08994102030703029,0.21536332815945353,multi_day_h1_SPX_IH_thr0.015,multi_day,SPX,IH,0.015,1,2022-07-22
51,8.894924946390278,0.5294117647058824,-15.423767979356251,11.909111260352441,183.13984629848096,305.450381679389,-469.4669305624284,-8.350005529582994,-17.387981384899064,-0.25117637137161014,-0.6014405786030043,multi_day_h3_SPX_IH_thr0.015,multi_day,SPX,IH,0.015,3,2022-07-22
51,8.894924946390278,0.5686274509803921,-9.161512192982807,36.24894377640509,260.1685404017207,869.3831202810802,-688.4880961378587,-6.175896990542073,-21.20377256784015,-0.10502278419706228,-0.2514765371800373,multi_day_h5_SPX_IH_thr0.015,multi_day,SPX,IH,0.015,5,2022-07-22
21,3.662616154395997,0.47619047619047616,35.89273566905534,-13.31743011854302,146.01019129898916,531.984496124032,-128.58796821793538,7.590486658289897,-2.422706926916518,0.4704560890655353,1.1265047777772912,naive_short_SPX_IH_thr0.020,naive_short,SPX,IH,0.02,1,2022-07-22
21,3.662616154395997,0.5238095238095238,-47.89273566905535,1.3174301185430228,146.01019129898918,116.58796821793538,-543.9844961240321,-9.788390371849797,-10.900312190595463,-0.6277434332468156,-1.503128545270778,bounce_long_SPX_IH_thr0.020,bounce_long,SPX,IH,0.02,1,2022-07-22
20,3.488205861329521,0.7,1.8208889684758824,25.43422167812493,150.76092209384598,327.3333333333332,-460.1420118343198,0.14578511612981515,-4.601420118343203,0.02255774762765491,0.054014415094344244,fade_short_SPX_IH_thr0.020,fade_short,SPX,IH,0.02,1,2022-07-22
21,3.662616154395997,0.47619047619047616,35.89273566905534,-13.31743011854302,146.01019129898916,531.984496124032,-128.58796821793538,7.590486658289897,-2.422706926916518,0.4704560890655353,1.1265047777772912,multi_day_h1_SPX_IH_thr0.020,multi_day,SPX,IH,0.02,1,2022-07-22
21,3.662616154395997,0.5238095238095238,20.41398495064014,55.24031007752051,198.12884968976707,305.450381679389,-469.4669305624284,3.964404398259158,-7.540272120400338,0.1971858629841382,0.4721605733767573,multi_day_h3_SPX_IH_thr0.020,multi_day,SPX,IH,0.02,3,2022-07-22
21,3.662616154395997,0.6190476190476191,6.68058489043284,36.24894377640509,236.16916564719142,360.1753297129566,-636.8758040573981,0.8408878586730673,-10.781624949994361,0.054136103646553725,0.12962863235381392,multi_day_h5_SPX_IH_thr0.020,multi_day,SPX,IH,0.02,5,2022-07-22
10,1.7441029306647604,0.4,68.28032980148168,-15.444412814421097,202.08775139500506,531.984496124032,-128.58796821793538,6.85085596471775,-1.6055675747337017,0.44621244064187143,1.0684534815675704,naive_short_SPX_IH_thr0.025,naive_short,SPX,IH,0.025,1,2022-07-22
10,1.7441029306647604,0.6,-80.2803298014817,3.4444128144210997,202.0877513950051,116.58796821793538,-543.9844961240321,-7.9192541791914595,-9.147567064421846,-0.5246325259471164,-1.2562299878628376,bounce_long_SPX_IH_thr0.025,bounce_long,SPX,IH,0.025,1,2022-07-22
11,1.9185132237312366,0.7272727272727273,-24.631710171940515,24.115830115831077,162.0212184931097,120.79120714232161,-460.1420118343198,-2.807323396475314,-4.601420118343203,-0.21057415679960273,-0.5042187766819036,fade_short_SPX_IH_thr0.025,fade_short,SPX,IH,0.025,1,2022-07-22
10,1.7441029306647604,0.4,68.28032980148168,-15.444412814421097,202.08775139500506,531.984496124032,-128.58796821793538,6.85085596471775,-1.6055675747337017,0.44621244064187143,1.0684534815675704,multi_day_h1_SPX_IH_thr0.025,multi_day,SPX,IH,0.025,1,2022-07-22
10,1.7441029306647604,0.4,-33.05121802859822,-76.59199224405788,172.121387268307,230.94871206909718,-298.5775081040638,-3.3860946822599103,-6.022080749138558,-0.2535938325580805,-0.6072291774540878,multi_day_h3_SPX_IH_thr0.025,multi_day,SPX,IH,0.025,3,2022-07-22
10,1.7441029306647604,0.4,-55.72270435312732,-92.54655131359657,186.2670749254635,236.24735497993422,-362.4131668558446,-5.583854734623362,-9.389529878170212,-0.395077363509907,-0.9460107923559447,multi_day_h5_SPX_IH_thr0.025,multi_day,SPX,IH,0.025,5,2022-07-22
262,45.69549678341672,0.4541984732824427,-6.914319018736971,-8.037937105067167,113.3977210045415,620.5949937557691,-358.0779718556644,-17.95671178391679,-25.298928427448697,-0.4121751347872092,-0.9869513210915418,naive_short_NDX_IF_thr0.005,naive_short,NDX,IF,0.005,1,2022-07-22
262,45.69549678341672,0.46946564885496184,-5.085680981263034,-3.9620628949328327,113.39772100454152,346.0779718556643,-632.5949937557691,-13.946052700712496,-22.025380067305644,-0.30316669483378067,-0.7259311509211434,bounce_long_NDX_IF_thr0.005,bounce_long,NDX,IF,0.005,1,2022-07-22
329,57.38098641887062,0.49848024316109424,0.09819680467451496,-0.35736677115937837,91.48475215961501,600.4947468958925,-461.0420627116814,-1.0400767070203099,-24.18786269205747,0.008130788141547225,0.019469131979439586,fade_short_NDX_IF_thr0.005,fade_short,NDX,IF,0.005,1,2022-07-22
262,45.69549678341672,0.4541984732824427,-6.914319018736971,-8.037937105067167,113.3977210045415,620.5949937557691,-358.0779718556644,-17.95671178391679,-25.298928427448697,-0.4121751347872092,-0.9869513210915418,multi_day_h1_NDX_IF_thr0.005,multi_day,NDX,IF,0.005,1,2022-07-22
262,45.69549678341672,0.5114503816793893,2.040218580945647,5.773917220699316,195.15339103373014,1149.8985667034171,-540.3467824894277,0.41054488658081034,-30.84180249433759,0.07067035908131335,0.16921982519232823,multi_day_h3_NDX_IF_thr0.005,multi_day,NDX,IF,0.005,3,2022-07-22
262,45.69549678341672,0.5267175572519084,9.39981273692682,10.717749974380915,236.47484451075667,1254.8599779492836,-757.953125,18.985408110483593,-32.78898969093049,0.2687020344588378,0.6434056921605564,multi_day_h5_NDX_IF_thr0.005,multi_day,NDX,IF,0.005,5,2022-07-22
157,27.38241601143674,0.4394904458598726,-7.133526789630391,-9.17460317460272,124.13897964572618,620.5949937557691,-358.0779718556644,-11.65972586784716,-18.79984198878549,-0.3006990162438444,-0.7200223067459014,naive_short_NDX_IF_thr0.010,naive_short,NDX,IF,0.01,1,2022-07-22
157,27.38241601143674,0.47770700636942676,-4.866473210369616,-2.8253968253972803,124.1389796457262,346.0779718556643,-632.5949937557691,-8.476281544936626,-14.160990313470323,-0.20513607786016133,-0.49119732356525064,bounce_long_NDX_IF_thr0.010,bounce_long,NDX,IF,0.01,1,2022-07-22
194,33.83559685489635,0.5257731958762887,5.464002085374465,5.998859936561136,90.99674545124604,600.4947468958925,-413.4626865671638,10.301093061675592,-8.444930153752406,0.3492785516597933,0.8363457639615742,fade_short_NDX_IF_thr0.010,fade_short,NDX,IF,0.01,1,2022-07-22
157,27.38241601143674,0.4394904458598726,-7.133526789630391,-9.17460317460272,124.13897964572618,620.5949937557691,-358.0779718556644,-11.65972586784716,-18.79984198878549,-0.3006990162438444,-0.7200223067459014,multi_day_h1_NDX_IF_thr0.010,multi_day,NDX,IF,0.01,1,2022-07-22
157,27.38241601143674,0.49044585987261147,0.3255724378966594,-10.449388209120107,202.53991208891816,1149.8985667034171,-540.3467824894277,-2.6116280079408694,-25.957132494694402,0.008411489294697275,0.020141269501942935,multi_day_h3_NDX_IF_thr0.010,multi_day,NDX,IF,0.01,3,2022-07-22
157,27.38241601143674,0.5095541401273885,11.516994013192404,8.477646513783027,249.63047642253537,1254.8599779492836,-757.953125,14.200723342227572,-26.607214832264027,0.24142231920437993,0.5780845489448502,multi_day_h5_NDX_IF_thr0.010,multi_day,NDX,IF,0.01,5,2022-07-22
98,17.092208720514652,0.4387755102040816,-9.445269269688495,-9.315696649029976,123.85548718532263,620.5949937557691,-358.0779718556644,-9.517264055899755,-16.99705092556948,-0.3152812801905686,-0.7549394656234136,naive_short_NDX_IF_thr0.015,naive_short,NDX,IF,0.015,1,2022-07-22
98,17.092208720514652,0.4897959183673469,-2.554730730311515,-2.684303350970024,123.85548718532263,346.0779718556643,-632.5949937557691,-3.202017204454266,-8.56006695749112,-0.08527642274632204,-0.20419397237752818,bounce_long_NDX_IF_thr0.015,bounce_long,NDX,IF,0.015,1,2022-07-22
105,18.313080771979983,0.5714285714285714,5.669030969099031,9.243101182654817,86.64102232488389,238.3537673182772,-413.4626865671638,5.716586309979066,-5.030850474151915,0.28000511623706864,0.6704708655587281,fade_short_NDX_IF_thr0.015,fade_short,NDX,IF,0.015,1,2022-07-22
98,17.092208720514652,0.4387755102040816,-9.445269269688495,-9.315696649029976,123.85548718532263,620.5949937557691,-358.0779718556644,-9.517264055899755,-16.99705092556948,-0.3152812801905686,-0.7549394656234136,multi_day_h1_NDX_IF_thr0.015,multi_day,NDX,IF,0.015,1,2022-07-22
98,17.092208720514652,0.4489795918367347,-31.248326173620427,-31.35399888319967,172.26491327288912,463.27678085916244,-540.3467824894277,-27.473968494287824,-39.0688921282381,-0.7499443250857977,-1.795737976214041,multi_day_h3_NDX_IF_thr0.015,multi_day,NDX,IF,0.015,3,2022-07-22
98,17.092208720514652,0.4387755102040816,-12.903955361748022,-20.15463990986354,222.25039981082722,1089.1201898277106,-757.953125,-13.960007734229007,-29.743734827760925,-0.24003766580326014,-0.5747690032261726,multi_day_h5_NDX_IF_thr0.015,multi_day,NDX,IF,0.015,5,2022-07-22
52,9.069335239456754,0.5,8.796411225672417,-0.7089468629934922,130.51608685380404,620.5949937557691,-332.89450222882726,4.231708154951042,-7.641913311980275,0.20296876425779417,0.48600770186674563,naive_short_NDX_IF_thr0.020,naive_short,NDX,IF,0.02,1,2022-07-22
52,9.069335239456754,0.46153846153846156,-20.79641122567243,-11.291053137006505,130.51608685380404,320.89450222882715,-632.5949937557691,-10.656852597431332,-14.061547299763344,-0.47985727124177135,-1.1490158619877653,bounce_long_NDX_IF_thr0.020,bounce_long,NDX,IF,0.02,1,2022-07-22
52,9.069335239456754,0.5961538461538461,5.952589308602459,12.285021727551532,91.95880632892506,236.39492636783822,-413.4626865671638,2.9185402171184593,-4.134626865671642,0.1949397130500129,0.46678217847188497,fade_short_NDX_IF_thr0.020,fade_short,NDX,IF,0.02,1,2022-07-22
52,9.069335239456754,0.5,8.796411225672417,-0.7089468629934922,130.51608685380404,620.5949937557691,-332.89450222882726,4.231708154951042,-7.641913311980275,0.20296876425779417,0.48600770186674563,multi_day_h1_NDX_IF_thr0.020,multi_day,NDX,IF,0.02,1,2022-07-22
52,9.069335239456754,0.5192307692307693,-13.835548858576061,22.859258246066723,189.85407716343693,463.27678085916244,-540.3467824894277,-7.8049977972868945,-20.30843442563892,-0.21946445553602606,-0.5255065530232429,multi_day_h3_NDX_IF_thr0.020,multi_day,NDX,IF,0.02,3,2022-07-22
52,9.069335239456754,0.5192307692307693,3.8010243481980375,5.375105037287893,264.43767813422016,1089.1201898277106,-757.953125,0.21088511121103437,-11.435139618695944,0.04328775312288272,0.10365231069499105,multi_day_h5_NDX_IF_thr0.020,multi_day,NDX,IF,0.02,5,2022-07-22
26,4.534667619728377,0.5,27.42526810312223,-0.05104436950075755,144.48898876941746,620.5949937557691,-123.39264751312817,7.109036964241011,-2.221456891322815,0.40419306720304843,0.967838299750998,naive_short_NDX_IF_thr0.025,naive_short,NDX,IF,0.025,1,2022-07-22
26,4.534667619728377,0.4230769230769231,-39.42526810312223,-11.94895563049924,144.48898876941746,111.39264751312817,-632.5949937557691,-10.00452738034322,-11.350867355152483,-0.5810488335058178,-1.3913185572034226,bounce_long_NDX_IF_thr0.025,bounce_long,NDX,IF,0.025,1,2022-07-22
24,4.185847033595425,0.6666666666666666,-3.2804984080034916,9.730878658232196,101.28013150956065,86.95120061967421,-413.4626865671638,-0.9038196500037343,-4.134626865671642,-0.06626851696103007,-0.1586796360125689,fade_short_NDX_IF_thr0.025,fade_short,NDX,IF,0.025,1,2022-07-22
26,4.534667619728377,0.5,27.42526810312223,-0.05104436950075755,144.48898876941746,620.5949937557691,-123.39264751312817,7.109036964241011,-2.221456891322815,0.40419306720304843,0.967838299750998,multi_day_h1_NDX_IF_thr0.025,multi_day,NDX,IF,0.025,1,2022-07-22
26,4.534667619728377,0.5769230769230769,16.838019029981126,38.539887995508344,177.76858856143093,311.9881533825202,-460.3585526315797,4.056721428330379,-7.081118329612879,0.20170130202374134,0.4829727698178294,multi_day_h3_NDX_IF_thr0.025,multi_day,NDX,IF,0.025,3,2022-07-22
26,4.534667619728377,0.5769230769230769,54.08919781743509,83.69703522326623,309.9764420163208,1089.1201898277106,-757.953125,13.712957308199636,-12.42435094441392,0.37158192601230494,0.8897510835070502,multi_day_h5_NDX_IF_thr0.025,multi_day,NDX,IF,0.025,5,2022-07-22
262,45.69549678341672,0.4389312977099237,-10.852566455698206,-7.6311260557444465,135.48309258007512,607.6986301369861,-464.97852682008636,-26.5357146120872,-27.38212014048945,-0.5414820370746081,-1.2965760588979323,naive_short_NDX_IC_thr0.005,naive_short,NDX,IC,0.005,1,2022-07-22
262,45.69549678341672,0.49236641221374045,-1.1474335443018067,-4.368873944255552,135.48309258007512,452.9785268200863,-619.6986301369863,-5.273659906393369,-20.821519856595483,-0.05725048130436047,-0.13708599424765355,bounce_long_NDX_IC_thr0.005,bounce_long,NDX,IC,0.005,1,2022-07-22
329,57.38098641887062,0.513677811550152,3.6703632692798913,4.961478233636469,120.3305284248896,601.359482410027,-758.8712871287136,10.183621848959357,-31.968273828872974,0.2310559896054323,0.5532624240055726,fade_short_NDX_IC_thr0.005,fade_short,NDX,IC,0.005,1,2022-07-22
262,45.69549678341672,0.4389312977099237,-10.852566455698206,-7.6311260557444465,135.48309258007512,607.6986301369861,-464.97852682008636,-26.5357146120872,-27.38212014048945,-0.5414820370746081,-1.2965760588979323,multi_day_h1_NDX_IC_thr0.005,multi_day,NDX,IC,0.005,1,2022-07-22
262,45.69549678341672,0.48091603053435117,7.787562145012892,-13.635274486103015,245.0676427449659,1182.3387320684858,-746.9900990099017,13.471136864526056,-31.804045284823435,0.21480889128159195,0.5143588274485004,multi_day_h3_NDX_IC_thr0.005,multi_day,NDX,IC,0.005,3,2022-07-22
262,45.69549678341672,0.4961832061068702,-4.758332779415296,-12.000205392993061,296.3880949091918,1347.694277340738,-1035.2473118279588,-21.27465637508835,-48.15309629419687,-0.10852524075896289,-0.2598631520897847,multi_day_h5_NDX_IC_thr0.005,multi_day,NDX,IC,0.005,5,2022-07-22
157,27.38241601143674,0.4394904458598726,-10.089688925579962,-15.648604064862452,143.8105472229717,607.6986301369861,-464.97852682008636,-16.01616635022356,-18.30460100548901,-0.36713257471057403,-0.8790971338273572,naive_short_NDX_IC_thr0.010,naive_short,NDX,IC,0.01,1,2022-07-22
157,27.38241601143674,0.5095541401273885,-1.9103110744200518,3.6486040648624543,143.8105472229717,452.9785268200863,-619.6986301369863,-4.520704723771562,-13.783880595408803,-0.06951031180672831,-0.1664420977324429,bounce_long_NDX_IC_thr0.010,bounce_long,NDX,IC,0.01,1,2022-07-22
194,33.83559685489635,0.5618556701030928,16.969980154414273,15.397865697226905,114.07612535018838,601.359482410027,-233.01812191103787,37.23598756042752,-9.65024899965783,0.8653135284151237,2.0719889628193844,fade_short_NDX_IC_thr0.010,fade_short,NDX,IC,0.01,1,2022-07-22
157,27.38241601143674,0.4394904458598726,-10.089688925579962,-15.648604064862452,143.8105472229717,607.6986301369861,-464.97852682008636,-16.01616635022356,-18.30460100548901,-0.36713257471057403,-0.8790971338273572,multi_day_h1_NDX_IC_thr0.010,multi_day,NDX,IC,0.01,1,2022-07-22
157,27.38241601143674,0.47770700636942676,4.623241330394241,-12.945540647198543,254.03391402755975,1182.3387320684858,-746.9900990099017,2.315530173922409,-27.552549954736172,0.09523371943525039,0.22803667003737552,multi_day_h3_NDX_IC_thr0.010,multi_day,NDX,IC,0.01,3,2022-07-22
157,27.38241601143674,0.49044585987261147,-4.375843981553749,-13.999744008191366,312.0473444781797,1347.694277340738,-1035.2473118279588,-13.43682568877581,-34.79063575184303,-0.07337991766016769,-0.17570784980438003,multi_day_h5_NDX_IC_thr0.010,multi_day,NDX,IC,0.01,5,2022-07-22
98,17.092208720514652,0.41836734693877553,-13.525331021097653,-27.573550715592305,139.32083191772327,607.6986301369861,-427.3861386138618,-13.238629002763192,-15.682230514893924,-0.4013570885022798,-0.9610475627824614,naive_short_NDX_IC_thr0.015,naive_short,NDX,IC,0.015,1,2022-07-22
98,17.092208720514652,0.5408163265306123,1.5253310210976412,15.573550715592306,139.32083191772327,415.3861386138617,-619.6986301369863,0.5470529949588077,-10.322541538494379,0.04526339626549675,0.10838297842586955,bounce_long_NDX_IC_thr0.015,bounce_long,NDX,IC,0.015,1,2022-07-22
105,18.313080771979983,0.5619047619047619,15.372532560573003,15.796781341955064,115.5444431937365,601.359482410027,-233.01812191103787,16.701703895205533,-6.783777958281778,0.5693470345830633,1.3632986575752648,fade_short_NDX_IC_thr0.015,fade_short,NDX,IC,0.015,1,2022-07-22
98,17.092208720514652,0.41836734693877553,-13.525331021097653,-27.573550715592305,139.32083191772327,607.6986301369861,-427.3861386138618,-13.238629002763192,-15.682230514893924,-0.4013570885022798,-0.9610475627824614,multi_day_h1_NDX_IC_thr0.015,multi_day,NDX,IC,0.015,1,2022-07-22
98,17.092208720514652,0.41836734693877553,-32.64657755573052,-30.41197859223032,211.74675226153295,574.6451612903229,-746.9900990099017,-28.9930016623139,-38.40090947830542,-0.6374116478818447,-1.526279037382741,multi_day_h3_NDX_IC_thr0.015,multi_day,NDX,IC,0.015,3,2022-07-22
98,17.092208720514652,0.45918367346938777,-31.006682024403233,-31.62404411251773,283.4666681796982,1049.7644110275698,-1035.2473118279588,-29.085119228066624,-43.23657247425853,-0.45222273290155157,-1.0828450966486205,multi_day_h5_NDX_IC_thr0.015,multi_day,NDX,IC,0.015,5,2022-07-22
52,9.069335239456754,0.4423076923076923,-7.263081575549096,-14.97152857468164,157.28786009065897,607.6986301369861,-427.3861386138618,-4.3088212450578585,-10.087012182436917,-0.13906359291779302,-0.33298708525153703,naive_short_NDX_IC_thr0.020,naive_short,NDX,IC,0.02,1,2022-07-22
52,9.069335239456754,0.5192307692307693,-4.736918424450908,2.9715285746816424,157.28786009065897,415.3861386138617,-619.6986301369863,-3.0541841172226136,-11.878574516322349,-0.09069606180388161,-0.21717127128824287,bounce_long_NDX_IC_thr0.020,bounce_long,NDX,IC,0.02,1,2022-07-22
52,9.069335239456754,0.5576923076923077,5.994555942405463,19.18592469888337,98.65087252345924,327.70104798676186,-233.01812191103787,2.9101411734259175,-6.737212954916361,0.182996934426047,0.4381852541413764,fade_short_NDX_IC_thr0.020,fade_short,NDX,IC,0.02,1,2022-07-22
52,9.069335239456754,0.4423076923076923,-7.263081575549096,-14.97152857468164,157.28786009065897,607.6986301369861,-427.3861386138618,-4.3088212450578585,-10.087012182436917,-0.13906359291779302,-0.33298708525153703,multi_day_h1_NDX_IC_thr0.020,multi_day,NDX,IC,0.02,1,2022-07-22
52,9.069335239456754,0.4423076923076923,-29.326623553189417,-13.635274486103015,239.43298301806956,574.6451612903229,-746.9900990099017,-15.422699720673217,-25.12113922581459,-0.36886361306099796,-0.8832420965934712,multi_day_h3_NDX_IC_thr0.020,multi_day,NDX,IC,0.02,3,2022-07-22
52,9.069335239456754,0.5192307692307693,-29.722788234684483,36.02646517949882,336.67348266374603,1049.7644110275698,-1035.2473118279588,-16.80690962914345,-25.163279557545525,-0.2658694049313029,-0.6366229747707585,multi_day_h5_NDX_IC_thr0.020,multi_day,NDX,IC,0.02,5,2022-07-22
26,4.534667619728377,0.4230769230769231,-2.5052398550785515,-31.54828882732951,158.93482996316175,607.6986301369861,-190.5070422535211,-0.9558277346607857,-4.187021067995877,-0.033566260478236846,-0.08037424465258333,naive_short_NDX_IC_thr0.025,naive_short,NDX,IC,0.025,1,2022-07-22
26,4.534667619728377,0.5769230769230769,-9.494760144921448,19.548288827329515,158.93482996316175,178.5070422535211,-619.6986301369863,-2.7551713002101907,-7.464695980801384,-0.12721480203053143,-0.3046152140915809,bounce_long_NDX_IC_thr0.025,bounce_long,NDX,IC,0.025,1,2022-07-22
24,4.185847033595425,0.625,13.349310495368385,20.101814180324315,88.05902261488916,170.63999999999902,-233.01812191103787,3.161234043506167,-2.6259319940989068,0.31015347434819757,0.7426609599026798,fade_short_NDX_IC_thr0.025,fade_short,NDX,IC,0.025,1,2022-07-22
26,4.534667619728377,0.4230769230769231,-2.5052398550785515,-31.54828882732951,158.93482996316175,607.6986301369861,-190.5070422535211,-0.9558277346607857,-4.187021067995877,-0.033566260478236846,-0.08037424465258333,multi_day_h1_NDX_IC_thr0.025,multi_day,NDX,IC,0.025,1,2022-07-22
26,4.534667619728377,0.46153846153846156,-0.463510043733847,-13.635274486103015,211.30010389271771,471.87610619469007,-420.9717996923608,-0.6756177667091023,-9.553306763133318,-0.004671239864806895,-0.01118526074622808,multi_day_h3_NDX_IC_thr0.025,multi_day,NDX,IC,0.025,3,2022-07-22
26,4.534667619728377,0.5769230769230769,26.584036736024153,50.17491751945536,356.2574450758753,1049.7644110275698,-615.8102888395141,5.485780475808011,-13.164579592606874,0.1589021265533956,0.38049035589469515,multi_day_h5_NDX_IC_thr0.025,multi_day,NDX,IC,0.025,5,2022-07-22
262,45.69549678341672,0.4389312977099237,-13.952562326203395,-14.674432568720468,145.3478618840338,544.3565837536961,-510.291845493563,-32.524844906330216,-33.91959766711107,-0.6489063517699395,-1.5538030489749695,naive_short_NDX_IM_thr0.005,naive_short,NDX,IM,0.005,1,2022-07-22
262,45.69549678341672,0.5190839694656488,1.952562326203381,2.6744325687204697,145.34786188403382,498.29184549356296,-556.3565837536961,2.379953178065586,-17.325727494825326,0.09080985026818593,0.21744373720307328,bounce_long_NDX_IM_thr0.005,bounce_long,NDX,IM,0.005,1,2022-07-22
329,57.38098641887062,0.48936170212765956,-2.4720165642341234,-3.3747016706437925,150.73045550145133,713.3359975407332,-1101.3783041651511,-11.211876062563796,-34.32486034051006,-0.12423225541373267,-0.29747352097322644,fade_short_NDX_IM_thr0.005,fade_short,NDX,IM,0.005,1,2022-07-22
262,45.69549678341672,0.4389312977099237,-13.952562326203395,-14.674432568720468,145.3478618840338,544.3565837536961,-510.291845493563,-32.524844906330216,-33.91959766711107,-0.6489063517699395,-1.5538030489749695,multi_day_h1_NDX_IM_thr0.005,multi_day,NDX,IM,0.005,1,2022-07-22
262,45.69549678341672,0.46564885496183206,3.517687697326864,-25.545337473557687,286.212475392499,1117.926534194195,-909.463919111145,-1.3485554975059766,-35.46796687265016,0.08308170904052076,0.19893874126690683,multi_day_h3_NDX_IM_thr0.005,multi_day,NDX,IM,0.005,3,2022-07-22
262,45.69549678341672,0.49236641221374045,-5.531314127227453,-5.2412734343127925,325.8326595173833,1197.8488058672347,-925.2264811041473,-24.70307340896174,-50.68264319782736,-0.11475468136234807,-0.27477951679564294,multi_day_h5_NDX_IM_thr0.005,multi_day,NDX,IM,0.005,5,2022-07-22
157,27.38241601143674,0.4394904458598726,-13.320686528938031,-13.184805697864059,154.45690020825708,544.3565837536961,-510.291845493563,-20.378525753447917,-23.35630750238501,-0.45128944456204007,-1.0806103423369229,naive_short_NDX_IM_thr0.010,naive_short,NDX,IM,0.01,1,2022-07-22
157,27.38241601143674,0.5095541401273885,1.3206865289380165,1.184805697864061,154.45690020825708,498.29184549356296,-556.3565837536961,0.20675310387145984,-12.715904963329782,0.044743331268266254,0.1071376853629217,bounce_long_NDX_IM_thr0.010,bounce_long,NDX,IM,0.01,1,2022-07-22
194,33.83559685489635,0.5309278350515464,17.10071166439062,7.808804304064616,135.05718679616172,713.3359975407332,-309.63530488312085,36.909896125327755,-10.687757297212986,0.7365180693122807,1.7635888731881477,fade_short_NDX_IM_thr0.010,fade_short,NDX,IM,0.01,1,2022-07-22
157,27.38241601143674,0.4394904458598726,-13.320686528938031,-13.184805697864059,154.45690020825708,544.3565837536961,-510.291845493563,-20.378525753447917,-23.35630750238501,-0.45128944456204007,-1.0806103423369229,multi_day_h1_NDX_IM_thr0.010,multi_day,NDX,IM,0.01,1,2022-07-22
157,27.38241601143674,0.45222929936305734,-0.4571198382417208,-28.379269729093654,301.3303195830805,1117.926534194195,-909.463919111145,-7.424835180205469,-31.555771871872796,-0.007938219790030671,-0.019008028014427716,multi_day_h3_NDX_IM_thr0.010,multi_day,NDX,IM,0.01,3,2022-07-22
157,27.38241601143674,0.49044585987261147,-0.7613017253870066,-6.640820249919737,339.7886896788694,1197.8488058672347,-925.2264811041473,-9.678154499409676,-38.84344613399098,-0.011724215094749428,-0.028073575041100286,multi_day_h5_NDX_IM_thr0.010,multi_day,NDX,IM,0.01,5,2022-07-22
98,17.092208720514652,0.41836734693877553,-13.44499611586005,-18.52321688545388,156.72066386156283,544.3565837536961,-443.12275575718,-13.387031811282101,-16.399792790572874,-0.3546773967823914,-0.8492732718978977,naive_short_NDX_IM_thr0.015,naive_short,NDX,IM,0.015,1,2022-07-22
98,17.092208720514652,0.5306122448979592,1.4449961158600395,6.5232168854538815,156.72066386156283,431.1227557571799,-556.3565837536961,0.2167883041571006,-12.981139110360262,0.038118825495928495,0.09127533906451471,bounce_long_NDX_IM_thr0.015,bounce_long,NDX,IM,0.015,1,2022-07-22
105,18.313080771979983,0.5047619047619047,11.104012873765319,0.18556701030947895,140.80204850882544,713.3359975407332,-269.12407633489744,11.229405752449239,-9.860149473271406,0.3374828350246366,0.8081009788357086,fade_short_NDX_IM_thr0.015,fade_short,NDX,IM,0.015,1,2022-07-22
98,17.092208720514652,0.41836734693877553,-13.44499611586005,-18.52321688545388,156.72066386156283,544.3565837536961,-443.12275575718,-13.387031811282101,-16.399792790572874,-0.3546773967823914,-0.8492732718978977,multi_day_h1_NDX_IM_thr0.015,multi_day,NDX,IM,0.015,1,2022-07-22
98,17.092208720514652,0.3979591836734694,-33.52308767289753,-68.23864839187686,277.3384001758838,1111.01901399464,-909.463919111145,-30.666818738951072,-43.09690026704745,-0.4997273289146228,-1.1965946167821566,multi_day_h3_NDX_IM_thr0.015,multi_day,NDX,IM,0.015,3,2022-07-22
98,17.092208720514652,0.46938775510204084,-26.55980284165591,-32.650514140338366,307.1493908351328,1015.0895147428256,-925.2264811041473,-26.404977469623702,-42.753752774768294,-0.35749854805990566,-0.8560285046748075,multi_day_h5_NDX_IM_thr0.015,multi_day,NDX,IM,0.015,5,2022-07-22
52,9.069335239456754,0.38461538461538464,-5.352074681894806,-16.879262205180094,176.93499670837957,544.3565837536961,-443.12275575718,-3.514830451281925,-12.697264353708547,-0.09109533772878431,-0.21812733551508226,naive_short_NDX_IM_thr0.020,naive_short,NDX,IM,0.02,1,2022-07-22
52,9.069335239456754,0.5384615384615384,-6.647925318105209,4.879262205180097,176.93499670837957,431.1227557571799,-556.3565837536961,-4.17371267291885,-15.071701130066085,-0.11315144837144345,-0.27094058333060567,bounce_long_NDX_IM_thr0.020,bounce_long,NDX,IM,0.02,1,2022-07-22
52,9.069335239456754,0.5,-11.352513247482301,-1.4729426454475,108.5118808467557,285.0326086956516,-269.12407633489744,-6.0192571706455755,-11.845891925563857,-0.3150666635084055,-0.7544255670397485,fade_short_NDX_IM_thr0.020,fade_short,NDX,IM,0.02,1,2022-07-22
52,9.069335239456754,0.38461538461538464,-5.352074681894806,-16.879262205180094,176.93499670837957,544.3565837536961,-443.12275575718,-3.514830451281925,-12.697264353708547,-0.09109533772878431,-0.21812733551508226,multi_day_h1_NDX_IM_thr0.020,multi_day,NDX,IM,0.02,1,2022-07-22
52,9.069335239456754,0.4230769230769231,-18.484058158638877,-44.907329757937866,319.58440914711235,1111.01901399464,-909.463919111145,-11.493180845703444,-28.92819788854958,-0.17418047471912393,-0.4170742849908712,multi_day_h3_NDX_IM_thr0.020,multi_day,NDX,IM,0.02,3,2022-07-22
52,9.069335239456754,0.5192307692307693,-17.784174841899162,26.692860878661413,341.48646498101306,1015.0895147428256,-925.2264811041473,-11.524225232003937,-24.65937863438348,-0.15683679265322234,-0.3755449240885686,multi_day_h5_NDX_IM_thr0.020,multi_day,NDX,IM,0.02,5,2022-07-22
26,4.534667619728377,0.3076923076923077,-5.884988325239803,-38.23469492294462,180.30653760545837,544.3565837536961,-216.98109810981035,-1.9131332484823904,-5.5079299892244915,-0.06950352988901047,-0.16642585846401978,naive_short_NDX_IM_thr0.025,naive_short,NDX,IM,0.025,1,2022-07-22
26,4.534667619728377,0.5769230769230769,-6.115011674760194,26.23469492294462,180.30653760545837,204.98109810981038,-556.3565837536961,-1.9836387465453353,-9.141416905233356,-0.07222017669695625,-0.17293085580556342,bounce_long_NDX_IM_thr0.025,bounce_long,NDX,IM,0.025,1,2022-07-22
24,4.185847033595425,0.4583333333333333,-2.5770625650030468,-4.401496185587155,104.00273742380648,221.94117647058854,-269.12407633489744,-0.7405015747221078,-3.137066552060097,-0.05069578691898645,-0.12139081096995291,fade_short_NDX_IM_thr0.025,fade_short,NDX,IM,0.025,1,2022-07-22
26,4.534667619728377,0.3076923076923077,-5.884988325239803,-38.23469492294462,180.30653760545837,544.3565837536961,-216.98109810981035,-1.9131332484823904,-5.5079299892244915,-0.06950352988901047,-0.16642585846401978,multi_day_h1_NDX_IM_thr0.025,multi_day,NDX,IM,0.025,1,2022-07-22
26,4.534667619728377,0.4230769230769231,13.45436090008196,-17.83834020675678,279.2346249088484,620.7254038179149,-476.50834303453695,2.5632540697158923,-11.763818980515984,0.10260452954528664,0.24568603838020578,multi_day_h3_NDX_IM_thr0.025,multi_day,NDX,IM,0.025,3,2022-07-22
26,4.534667619728377,0.5769230769230769,21.249440930701038,52.1638757707037,392.7054108339007,1015.0895147428256,-752.4324917672883,3.6751115898788767,-14.515511448555895,0.11522676071468951,0.27590990846930363,multi_day_h5_NDX_IM_thr0.025,multi_day,NDX,IM,0.025,5,2022-07-22
262,45.69549678341672,0.46946564885496184,-4.4789287559819115,-6.768560619622826,116.95646557673176,853.8562628336758,-404.9614885331028,-12.633054335024795,-25.1285947478466,-0.2588729188756549,-0.6198699235242654,naive_short_NDX_IH_thr0.005,naive_short,NDX,IH,0.005,1,2022-07-22
262,45.69549678341672,0.4770992366412214,-7.521071244018095,-5.231439380377172,116.95646557673176,392.96148853310274,-865.8562628336759,-19.364436669961005,-23.971001665299664,-0.43470253091442124,-1.0408930596682338,bounce_long_NDX_IH_thr0.005,bounce_long,NDX,IH,0.005,1,2022-07-22
329,57.38098641887062,0.5167173252279635,0.09484703078856317,1.9190497140346765,87.33976872962373,536.177258478198,-460.1420118343198,-0.9319258413721165,-20.272266422222597,0.00822613262370395,0.01969743387026555,fade_short_NDX_IH_thr0.005,fade_short,NDX,IH,0.005,1,2022-07-22
262,45.69549678341672,0.46946564885496184,-4.4789287559819115,-6.768560619622826,116.95646557673176,853.8562628336758,-404.9614885331028,-12.633054335024795,-25.1285947478466,-0.2588729188756549,-0.6198699235242654,multi_day_h1_NDX_IH_thr0.005,multi_day,NDX,IH,0.005,1,2022-07-22
262,45.69549678341672,0.5114503816793893,3.5873260538511267,6.8966921215745165,193.46182911843326,1170.2063655030806,-475.75088967971425,4.6586713387371415,-32.29061420287488,0.12534651497730068,0.30014160998560724,multi_day_h3_NDX_IH_thr0.005,multi_day,NDX,IH,0.005,3,2022-07-22
262,45.69549678341672,0.5458015267175572,13.440036977364493,26.331012206514576,231.33693997406903,1271.5924024640663,-722.5729121592391,32.6594616245508,-30.339615976668433,0.3927282827197565,0.9403859300255502,multi_day_h5_NDX_IH_thr0.005,multi_day,NDX,IH,0.005,5,2022-07-22
157,27.38241601143674,0.45222929936305734,-7.407470450482345,-10.6101159114853,130.2531145578006,853.8562628336758,-404.9614885331028,-12.137524206640505,-20.763751111066863,-0.2975895612185454,-0.7125767320712478,naive_short_NDX_IH_thr0.010,naive_short,NDX,IH,0.01,1,2022-07-22
157,27.38241601143674,0.49044585987261147,-4.59252954951766,-1.3898840885146977,130.2531145578006,392.96148853310274,-865.8562628336759,-8.203584213065673,-13.732354428560711,-0.18450142496824556,-0.441787749301496,bounce_long_NDX_IH_thr0.010,bounce_long,NDX,IH,0.01,1,2022-07-22
194,33.83559685489635,0.5103092783505154,0.8700988074884387,0.7057866688846618,88.56298207651757,536.177258478198,-460.1420118343198,0.9380057329609004,-10.345248140184204,0.05714829300334992,0.13684130486644056,fade_short_NDX_IH_thr0.010,fade_short,NDX,IH,0.01,1,2022-07-22
157,27.38241601143674,0.45222929936305734,-7.407470450482345,-10.6101159114853,130.2531145578006,853.8562628336758,-404.9614885331028,-12.137524206640505,-20.763751111066863,-0.2975895612185454,-0.7125767320712478,multi_day_h1_NDX_IH_thr0.010,multi_day,NDX,IH,0.01,1,2022-07-22
157,27.38241601143674,0.4968152866242038,1.3371469131683855,-1.1464164374681505,198.571824724018,1170.2063655030806,-475.75088967971425,-0.9272694204331966,-26.780266827667297,0.03523687465379245,0.08437452203091204,multi_day_h3_NDX_IH_thr0.010,multi_day,NDX,IH,0.01,3,2022-07-22
157,27.38241601143674,0.5414012738853503,10.708629014804346,12.47963040739198,244.4460436949279,1271.5924024640663,-722.5729121592391,12.966258170450917,-24.9321716026503,0.22923806965900856,0.5489094236876668,multi_day_h5_NDX_IH_thr0.010,multi_day,NDX,IH,0.01,5,2022-07-22
98,17.092208720514652,0.4387755102040816,-11.272798636009934,-14.3134861996903,118.27392468531849,531.984496124032,-357.7587939698497,-11.06901229515338,-20.488360910403657,-0.39404138316811993,-0.9435301425528468,naive_short_NDX_IH_thr0.015,naive_short,NDX,IH,0.015,1,2022-07-22
98,17.092208720514652,0.5102040816326531,-0.7272013639900721,2.3134861996903013,118.27392468531849,345.75879396984965,-543.9844961240321,-1.3848506907935487,-8.860171062182332,-0.02541936927650261,-0.060866553975192715,bounce_long_NDX_IH_thr0.015,bounce_long,NDX,IH,0.015,1,2022-07-22
105,18.313080771979983,0.6,4.678401319824435,16.33032937235979,88.54541301943146,327.3333333333332,-460.1420118343198,4.603953016854412,-4.601420118343203,0.22610601241129502,0.5414097281032617,fade_short_NDX_IH_thr0.015,fade_short,NDX,IH,0.015,1,2022-07-22
98,17.092208720514652,0.4387755102040816,-11.272798636009934,-14.3134861996903,118.27392468531849,531.984496124032,-357.7587939698497,-11.06901229515338,-20.488360910403657,-0.39404138316811993,-0.9435301425528468,multi_day_h1_NDX_IH_thr0.015,multi_day,NDX,IH,0.015,1,2022-07-22
98,17.092208720514652,0.45918367346938777,-27.97819197780676,-7.006711409395899,176.59991926251104,511.44089932220123,-469.4669305624284,-25.157920919341336,-37.61613533572646,-0.6549803016793285,-1.5683470919833136,multi_day_h3_NDX_IH_thr0.015,multi_day,NDX,IH,0.015,3,2022-07-22
98,17.092208720514652,0.45918367346938777,-20.699417757306776,-33.476173936984424,221.21639314017412,869.3831202810802,-688.4880961378587,-20.297570195768657,-35.723494539333856,-0.38684760846436467,-0.9263046846145081,multi_day_h5_NDX_IH_thr0.015,multi_day,NDX,IH,0.015,5,2022-07-22
52,9.069335239456754,0.4807692307692308,14.539963512976831,-7.276275306664741,117.94352635193064,531.984496124032,-262.7999999999993,7.471839000128111,-6.316693950335727,0.37125895335161485,0.8889777270688725,naive_short_NDX_IH_thr0.020,naive_short,NDX,IH,0.02,1,2022-07-22
52,9.069335239456754,0.4807692307692308,-26.539963512976833,-4.723724693335257,117.94352635193064,250.79999999999924,-543.9844961240321,-13.22094982498797,-14.576088404218268,-0.6776632600916711,-1.6226613236821363,bounce_long_NDX_IH_thr0.020,bounce_long,NDX,IH,0.02,1,2022-07-22
52,9.069335239456754,0.5961538461538461,6.0656851599894805,24.824003634667974,101.40253442880291,327.3333333333332,-460.1420118343198,2.930601596383564,-4.601420118343191,0.1801435771710274,0.4313529043106629,fade_short_NDX_IH_thr0.020,fade_short,NDX,IH,0.02,1,2022-07-22
52,9.069335239456754,0.4807692307692308,14.539963512976831,-7.276275306664741,117.94352635193064,531.984496124032,-262.7999999999993,7.471839000128111,-6.316693950335727,0.37125895335161485,0.8889777270688725,multi_day_h1_NDX_IH_thr0.020,multi_day,NDX,IH,0.02,1,2022-07-22
52,9.069335239456754,0.5384615384615384,-4.751517800839945,16.048457612967034,193.0642470321347,511.44089932220123,-469.4669305624284,-3.3679544528955163,-17.521831006818346,-0.07411706835304195,-0.1774729534915576,multi_day_h3_NDX_IH_thr0.020,multi_day,NDX,IH,0.02,3,2022-07-22
52,9.069335239456754,0.5384615384615384,-7.472754282488584,9.209073523350105,251.42193925794274,869.3831202810802,-688.4880961378587,-5.353891928432686,-17.43542271629588,-0.08950870173206643,-0.21432814347051476,multi_day_h5_NDX_IH_thr0.020,multi_day,NDX,IH,0.02,5,2022-07-22
26,4.534667619728377,0.46153846153846156,34.53024953177224,-12.270460451406333,133.80971143668853,531.984496124032,-128.58796821793538,9.137754946852494,-2.422706926916496,0.5495216565298142,1.3158268879089672,naive_short_NDX_IH_thr0.025,naive_short,NDX,IH,0.025,1,2022-07-22
26,4.534667619728377,0.5,-46.53024953177223,0.27046045140633496,133.80971143668856,116.58796821793538,-543.9844961240321,-11.623481176058004,-12.861606495922873,-0.74049218143987,-1.7731048650165122,bounce_long_NDX_IH_thr0.025,bounce_long,NDX,IH,0.025,1,2022-07-22
24,4.185847033595425,0.625,-3.9988612055244657,25.43422167812493,116.59938626484227,120.79120714232161,-460.1420118343198,-1.1135523479924192,-4.601420118343203,-0.07016681167848435,-0.1680140834274571,fade_short_NDX_IH_thr0.025,fade_short,NDX,IH,0.025,1,2022-07-22
26,4.534667619728377,0.46153846153846156,34.53024953177224,-12.270460451406333,133.80971143668853,531.984496124032,-128.58796821793538,9.137754946852494,-2.422706926916496,0.5495216565298142,1.3158268879089672,multi_day_h1_NDX_IH_thr0.025,multi_day,NDX,IH,0.025,1,2022-07-22
26,4.534667619728377,0.5384615384615384,21.745036274002356,33.574710668936476,182.46091294356415,305.450381679389,-380.1213816038092,5.369881577853031,-8.603536833365489,0.25378328979885195,0.6076828318798121,multi_day_h3_NDX_IH_thr0.025,multi_day,NDX,IH,0.025,3,2022-07-22
26,4.534667619728377,0.6153846153846154,43.46875386547913,62.64536835285651,282.87660828544665,869.3831202810802,-688.4880961378587,10.83598380192603,-13.88629595356765,0.32722982799242056,0.7835502042218284,multi_day_h5_NDX_IH_thr0.025,multi_day,NDX,IH,0.025,5,2022-07-22
302,52.671908506075766,0.48344370860927155,-6.43259397075955,-1.9437347566998384,113.41454468510315,620.5949937557691,-543.4449339207055,-19.23881351375909,-27.334050088443874,-0.4116298996103159,-0.9856457581579158,naive_short_RUT_IF_thr0.005,naive_short,RUT,IF,0.005,1,2022-07-22
302,52.671908506075766,0.44370860927152317,-5.567406029240459,-10.05626524330016,113.41454468510315,531.4449339207055,-632.5949937557691,-17.107390856411907,-23.625884178307256,-0.35626541879115614,-0.8530757827414545,bounce_long_RUT_IF_thr0.005,bounce_long,RUT,IF,0.005,1,2022-07-22
336,58.601858470335955,0.49404761904761907,-5.469512727575733,-1.4609293424157008,93.65952827008965,305.66875784190637,-573.9451358902733,-18.015794709729228,-31.000092008624325,-0.447046156977314,-1.0704498112081378,fade_short_RUT_IF_thr0.005,fade_short,RUT,IF,0.005,1,2022-07-22
302,52.671908506075766,0.48344370860927155,-6.43259397075955,-1.9437347566998384,113.41454468510315,620.5949937557691,-543.4449339207055,-19.23881351375909,-27.334050088443874,-0.4116298996103159,-0.9856457581579158,multi_day_h1_RUT_IF_thr0.005,multi_day,RUT,IF,0.005,1,2022-07-22
302,52.671908506075766,0.5066225165562914,-10.858905915254747,2.296208296208474,228.59133180112235,1149.8985667034171,-2225.0895741556546,-33.70365300055339,-49.984601682864906,-0.3447591805656695,-0.8255241522354055,multi_day_h3_RUT_IF_thr0.005,multi_day,RUT,IF,0.005,3,2022-07-22
302,52.671908506075766,0.5165562913907285,-5.561060381631797,8.920426575539825,274.091141108869,1254.8599779492836,-2027.2298222473478,-24.81640014881028,-56.24180176221927,-0.14724892710926082,-0.35258682747765546,multi_day_h5_RUT_IF_thr0.005,multi_day,RUT,IF,0.005,5,2022-07-22
183,31.917083631165116,0.4972677595628415,-10.87417222413289,-0.48732083792701303,115.44881735120516,620.5949937557691,-543.4449339207055,-19.044930503300208,-23.63856825598455,-0.5321307051528861,-1.274184340875267,naive_short_RUT_IF_thr0.010,naive_short,RUT,IF,0.01,1,2022-07-22
183,31.917083631165116,0.4426229508196721,-1.1258277758671182,-11.512679162072985,115.44881735120515,531.4449339207055,-632.5949937557691,-3.2206625520671106,-11.350395174629746,-0.05509270185397,-0.1319192020288883,bounce_long_RUT_IF_thr0.010,bounce_long,RUT,IF,0.01,1,2022-07-22
205,35.75411007862759,0.5121951219512195,0.6197049382933157,5.934361014420692,86.18718960053594,305.66875784190637,-413.4626865671638,0.5127141667315316,-18.896988880951337,0.042993739822063774,0.10294829730075376,fade_short_RUT_IF_thr0.010,fade_short,RUT,IF,0.01,1,2022-07-22
183,31.917083631165116,0.4972677595628415,-10.87417222413289,-0.48732083792701303,115.44881735120516,620.5949937557691,-543.4449339207055,-19.044930503300208,-23.63856825598455,-0.5321307051528861,-1.274184340875267,multi_day_h1_RUT_IF_thr0.010,multi_day,RUT,IF,0.01,1,2022-07-22
183,31.917083631165116,0.5191256830601093,-25.024880700004033,4.860979462874455,237.24654435257003,419.82004213060463,-2225.0895741556546,-40.217666783121054,-51.492962041148196,-0.5959141819711661,-1.4269135605602747,multi_day_h3_RUT_IF_thr0.010,multi_day,RUT,IF,0.01,3,2022-07-22
183,31.917083631165116,0.5245901639344263,-11.707545091374195,19.864344154130638,287.18942081046083,1089.1201898277106,-2027.2298222473478,-25.474530178068434,-48.38846266053051,-0.23030798845687425,-0.5514713389559407,multi_day_h5_RUT_IF_thr0.010,multi_day,RUT,IF,0.01,5,2022-07-22
103,17.96426018584703,0.47572815533980584,-10.215632928512207,-2.4513839602564533,121.42139833337039,620.5949937557691,-543.4449339207055,-10.666304838905294,-14.69808862483738,-0.35659456327956157,-0.8538639175905627,naive_short_RUT_IF_thr0.015,naive_short,RUT,IF,0.015,1,2022-07-22
103,17.96426018584703,0.44660194174757284,-1.7843670714878006,-9.548616039743546,121.42139833337039,531.4449339207055,-632.5949937557691,-2.560010373726207,-8.414781882898591,-0.0622864585131772,-0.14914461675964596,bounce_long_RUT_IF_thr0.015,bounce_long,RUT,IF,0.015,1,2022-07-22
103,17.96426018584703,0.5436893203883495,7.01154059583541,9.487316421896047,91.748463728366,305.66875784190637,-413.4626865671638,7.0251081416356165,-6.777721060276665,0.3239062440764243,0.7755918989777615,fade_short_RUT_IF_thr0.015,fade_short,RUT,IF,0.015,1,2022-07-22
103,17.96426018584703,0.47572815533980584,-10.215632928512207,-2.4513839602564533,121.42139833337039,620.5949937557691,-543.4449339207055,-10.666304838905294,-14.69808862483738,-0.35659456327956157,-0.8538639175905627,multi_day_h1_RUT_IF_thr0.015,multi_day,RUT,IF,0.015,1,2022-07-22
103,17.96426018584703,0.5145631067961165,-27.15552006896627,3.602793539937871,276.67437273199675,373.5562248106654,-2225.0895741556546,-27.647691852840527,-37.657650654192075,-0.41600050599683414,-0.9961111535277077,multi_day_h3_RUT_IF_thr0.015,multi_day,RUT,IF,0.015,3,2022-07-22
103,17.96426018584703,0.5339805825242718,-1.2030494805142355,27.426419565033562,279.1332116308289,1089.1201898277106,-1559.5976505139492,-5.196103387910167,-27.658282986373038,-0.018267396092806112,-0.04374118956982979,multi_day_h5_RUT_IF_thr0.015,multi_day,RUT,IF,0.015,5,2022-07-22
52,9.069335239456754,0.4807692307692308,8.074627314320605,-3.0611124856612046,132.0610361700529,620.5949937557691,-332.89450222882726,3.830500666723946,-5.600328127826682,0.18413464709173377,0.4409095014907509,naive_short_RUT_IF_thr0.020,naive_short,RUT,IF,0.02,1,2022-07-22
52,9.069335239456754,0.4230769230769231,-20.074627314320615,-8.938887514338793,132.0610361700529,320.89450222882715,-632.5949937557691,-10.329243094774709,-11.04649711905954,-0.45778390408988456,-1.0961612935462695,bounce_long_RUT_IF_thr0.020,bounce_long,RUT,IF,0.02,1,2022-07-22
55,9.592566118656183,0.5272727272727272,-4.8481971410135145,8.414414414414267,95.82767578190187,236.39492636783822,-413.4626865671638,-2.8749248441740427,-7.3143142395773015,-0.15669556943024934,-0.3752067657798342,fade_short_RUT_IF_thr0.020,fade_short,RUT,IF,0.02,1,2022-07-22
52,9.069335239456754,0.4807692307692308,8.074627314320605,-3.0611124856612046,132.0610361700529,620.5949937557691,-332.89450222882726,3.830500666723946,-5.600328127826682,0.18413464709173377,0.4409095014907509,multi_day_h1_RUT_IF_thr0.020,multi_day,RUT,IF,0.02,1,2022-07-22
52,9.069335239456754,0.5384615384615384,-5.2372329260669765,4.269007684362009,179.2887501342262,321.1835460676653,-540.3467824894277,-3.487538594138473,-12.171336289224632,-0.08797040222149173,-0.21064469290288174,multi_day_h3_RUT_IF_thr0.020,multi_day,RUT,IF,0.02,3,2022-07-22
52,9.069335239456754,0.5576923076923077,24.692110856228833,42.07485280687418,257.1151435363345,1089.1201898277106,-551.2051663047208,11.817199650004984,-10.53624527023963,0.28921331897886254,0.6925198614681589,multi_day_h5_RUT_IF_thr0.020,multi_day,RUT,IF,0.02,5,2022-07-22
29,5.0578984989278055,0.5172413793103449,8.017296116961528,1.0334902342694687,153.58531883954876,620.5949937557691,-332.89450222882726,2.020486304697,-4.670655927189715,0.11739869671826096,0.28111059848462394,naive_short_RUT_IF_thr0.025,naive_short,RUT,IF,0.025,1,2022-07-22
29,5.0578984989278055,0.4482758620689655,-20.017296116961532,-13.033490234269467,153.58531883954873,320.89450222882715,-632.5949937557691,-5.963966009762811,-9.045828392727595,-0.2931168366081777,-0.7018668151196588,bounce_long_RUT_IF_thr0.025,bounce_long,RUT,IF,0.025,1,2022-07-22
32,5.581129378127233,0.625,-1.173580049325211,11.30492408419382,107.19661303928613,193.19824771665873,-413.4626865671638,-0.5543353580058641,-5.469476133763762,-0.025863821799402137,-0.06193079334243309,fade_short_RUT_IF_thr0.025,fade_short,RUT,IF,0.025,1,2022-07-22
29,5.0578984989278055,0.5172413793103449,8.017296116961528,1.0334902342694687,153.58531883954876,620.5949937557691,-332.89450222882726,2.020486304697,-4.670655927189715,0.11739869671826096,0.28111059848462394,multi_day_h1_RUT_IF_thr0.025,multi_day,RUT,IF,0.025,1,2022-07-22
29,5.0578984989278055,0.5172413793103449,-2.5613786038845747,14.016012810247787,188.51651885219871,295.6323633782825,-540.3467824894277,-1.23814329990648,-7.361978464575214,-0.030556908995822817,-0.07316836741612494,multi_day_h3_RUT_IF_thr0.025,multi_day,RUT,IF,0.025,3,2022-07-22
29,5.0578984989278055,0.5172413793103449,9.524920038685517,70.99115044247806,215.4320772891176,346.6349393448258,-551.2051663047208,2.1281565393662216,-10.576256855068866,0.0994342550107123,0.2380948316914851,multi_day_h5_RUT_IF_thr0.025,multi_day,RUT,IF,0.025,5,2022-07-22
302,52.671908506075766,0.4602649006622517,-5.069432300456193,-5.672474780558206,146.27561280936902,607.6986301369861,-1019.0166704727106,-16.943823728210038,-25.413140778257116,-0.2515225508484883,-0.6022695036477332,naive_short_RUT_IC_thr0.005,naive_short,RUT,IC,0.005,1,2022-07-22
302,52.671908506075766,0.47019867549668876,-6.930567699543816,-6.327525219441792,146.27561280936902,1007.0166704727105,-619.6986301369863,-21.449151530481448,-31.599472262126294,-0.3438637629031029,-0.8233800790722948,bounce_long_RUT_IC_thr0.005,bounce_long,RUT,IC,0.005,1,2022-07-22
336,58.601858470335955,0.5208333333333334,-6.388962731901303,5.537993363444633,133.13749112948494,601.359482410027,-758.8712871287136,-21.702824225467754,-43.96542017650733,-0.3673547676850331,-0.8796291738054429,fade_short_RUT_IC_thr0.005,fade_short,RUT,IC,0.005,1,2022-07-22
302,52.671908506075766,0.4602649006622517,-5.069432300456193,-5.672474780558206,146.27561280936902,607.6986301369861,-1019.0166704727106,-16.943823728210038,-25.413140778257116,-0.2515225508484883,-0.6022695036477332,multi_day_h1_RUT_IC_thr0.005,multi_day,RUT,IC,0.005,1,2022-07-22
302,52.671908506075766,0.4867549668874172,-11.678649279894254,-7.681772325525797,307.05824974852845,1182.3387320684858,-2482.8547875713384,-39.53815507995105,-60.66617830095058,-0.27603323404315966,-0.6609602132955289,multi_day_h3_RUT_IC_thr0.005,multi_day,RUT,IC,0.005,3,2022-07-22
302,52.671908506075766,0.5198675496688742,-19.7712359832014,23.563923927119486,360.0813309961821,1347.694277340738,-2246.1183682096803,-55.23727250920594,-73.37203006628565,-0.3984948764116004,-0.954194010091568,multi_day_h5_RUT_IC_thr0.005,multi_day,RUT,IC,0.005,5,2022-07-22
183,31.917083631165116,0.43169398907103823,-12.036020356512385,-14.294453084500828,153.38462346801725,607.6986301369861,-1019.0166704727106,-21.507372315338593,-25.12250339346297,-0.44331526896620227,-1.0615162183233744,naive_short_RUT_IC_thr0.010,naive_short,RUT,IC,0.01,1,2022-07-22
183,31.917083631165116,0.5136612021857924,0.036020356512375555,2.2944530845008306,153.38462346801725,1007.0166704727105,-619.6986301369863,-2.0301551123149575,-14.455453773116567,0.0013267154393688094,0.00317681355590164,bounce_long_RUT_IC_thr0.010,bounce_long,RUT,IC,0.01,1,2022-07-22
205,35.75411007862759,0.5219512195121951,0.3399831359612148,4.898334111786313,111.11914364594723,368.5318352059923,-353.382630868458,-0.559396399019052,-28.066784975264014,0.018294960498054166,0.043807192401826706,fade_short_RUT_IC_thr0.010,fade_short,RUT,IC,0.01,1,2022-07-22
183,31.917083631165116,0.43169398907103823,-12.036020356512385,-14.294453084500828,153.38462346801725,607.6986301369861,-1019.0166704727106,-21.507372315338593,-25.12250339346297,-0.44331526896620227,-1.0615162183233744,multi_day_h1_RUT_IC_thr0.010,multi_day,RUT,IC,0.01,1,2022-07-22
183,31.917083631165116,0.47540983606557374,-26.6372396572044,-12.945540647198543,308.86260123734075,670.546391752577,-2482.8547875713384,-44.181925951397695,-54.853511961382836,-0.4872316526262445,-1.1666737817295665,multi_day_h3_RUT_IC_thr0.010,multi_day,RUT,IC,0.01,3,2022-07-22
183,31.917083631165116,0.5245901639344263,-26.466907726156826,25.152647975077887,381.00333348234767,1049.7644110275698,-2246.1183682096803,-46.61274691709293,-61.68281073465962,-0.392451531869813,-0.9397232514845316,multi_day_h5_RUT_IC_thr0.010,multi_day,RUT,IC,0.01,5,2022-07-22
103,17.96426018584703,0.42718446601941745,-15.38780548864077,-15.648604064862452,138.937106115684,607.6986301369861,-564.4443035299081,-15.50483514636004,-20.75224269961462,-0.4694216410597777,-1.1240277971452353,naive_short_RUT_IC_thr0.015,naive_short,RUT,IC,0.015,1,2022-07-22
103,17.96426018584703,0.5242718446601942,3.3878054886407685,3.6486040648624543,138.937106115684,552.444303529908,-619.6986301369863,2.533449374970642,-12.245475841603193,0.10334866873921905,0.24746787599859282,bounce_long_RUT_IC_thr0.015,bounce_long,RUT,IC,0.015,1,2022-07-22
103,17.96426018584703,0.5339805825242718,6.156459164898446,9.329419439007452,115.31990968135503,368.5318352059923,-309.4986048508248,5.828035946507626,-11.799082858506814,0.22627229297818785,0.5418078860980456,fade_short_RUT_IC_thr0.015,fade_short,RUT,IC,0.015,1,2022-07-22
103,17.96426018584703,0.42718446601941745,-15.38780548864077,-15.648604064862452,138.937106115684,607.6986301369861,-564.4443035299081,-15.50483514636004,-20.75224269961462,-0.4694216410597777,-1.1240277971452353,multi_day_h1_RUT_IC_thr0.015,multi_day,RUT,IC,0.015,1,2022-07-22
103,17.96426018584703,0.49514563106796117,-20.56898037598427,-3.0738130654246407,328.93340010168447,670.546391752577,-2482.8547875713384,-23.928190481703137,-39.47882088689507,-0.26503880079885556,-0.6346340972848659,multi_day_h3_RUT_IC_thr0.015,multi_day,RUT,IC,0.015,3,2022-07-22
103,17.96426018584703,0.5436893203883495,-10.250676615486967,32.09164623797767,373.7332676000338,1049.7644110275698,-2246.1183682096803,-16.60934503441227,-41.272126365665464,-0.11625066424004361,-0.27836164039520017,multi_day_h5_RUT_IC_thr0.015,multi_day,RUT,IC,0.015,5,2022-07-22
52,9.069335239456754,0.4230769230769231,-3.1072558565381985,-18.786912383824234,147.90308819250987,607.6986301369861,-427.3861386138618,-2.145216221428392,-9.710384344336498,-0.06326849457753032,-0.1514960972573068,naive_short_RUT_IC_thr0.020,naive_short,RUT,IC,0.02,1,2022-07-22
52,9.069335239456754,0.5192307692307693,-8.892744143461815,6.786912383824236,147.90308819250987,415.3861386138617,-619.6986301369863,-5.05924011671115,-8.681420936927998,-0.1810699088187757,-0.4335710008583501,bounce_long_RUT_IC_thr0.020,bounce_long,RUT,IC,0.02,1,2022-07-22
55,9.592566118656183,0.5272727272727272,-6.788230527280955,9.329419439007452,115.98344385819547,368.5318352059923,-309.4986048508248,-4.014482990554469,-7.798699752227945,-0.18127085499367268,-0.43405216547999886,fade_short_RUT_IC_thr0.020,fade_short,RUT,IC,0.02,1,2022-07-22
52,9.069335239456754,0.4230769230769231,-3.1072558565381985,-18.786912383824234,147.90308819250987,607.6986301369861,-427.3861386138618,-2.145216221428392,-9.710384344336498,-0.06326849457753032,-0.1514960972573068,multi_day_h1_RUT_IC_thr0.020,multi_day,RUT,IC,0.02,1,2022-07-22
52,9.069335239456754,0.5192307692307693,13.511694641273982,6.965140279092014,236.12152099895286,574.6451612903229,-746.9900990099017,5.757698529525945,-14.68196680986632,0.1723304322867952,0.41264436753938577,multi_day_h3_RUT_IC_thr0.020,multi_day,RUT,IC,0.02,3,2022-07-22
52,9.069335239456754,0.6153846153846154,15.380776853925168,43.05000905265411,337.16894738302415,1049.7644110275698,-1035.2473118279588,5.206214857918523,-19.829193611336173,0.13737839211188768,0.3289518802590004,multi_day_h5_RUT_IC_thr0.020,multi_day,RUT,IC,0.02,5,2022-07-22
29,5.0578984989278055,0.41379310344827586,-16.08136328614257,-37.17453347969201,167.9178889348109,607.6986301369861,-427.3861386138618,-4.932408243774389,-6.373520736496974,-0.21538276709930892,-0.5157329702548845,naive_short_RUT_IC_thr0.025,naive_short,RUT,IC,0.025,1,2022-07-22
29,5.0578984989278055,0.5517241379310345,4.081363286142572,25.174533479692013,167.9178889348109,415.3861386138617,-619.6986301369863,0.7859412241224772,-6.196986301369867,0.05466298487668669,0.1308902468527247,bounce_long_RUT_IC_thr0.025,bounce_long,RUT,IC,0.025,1,2022-07-22
32,5.581129378127233,0.59375,12.740054532407347,18.665172520182967,125.3884735643975,368.5318352059923,-233.01812191103787,3.906921828255183,-3.8673217624811795,0.24003508006894908,0.5747628116981573,fade_short_RUT_IC_thr0.025,fade_short,RUT,IC,0.025,1,2022-07-22
29,5.0578984989278055,0.41379310344827586,-16.08136328614257,-37.17453347969201,167.9178889348109,607.6986301369861,-427.3861386138618,-4.932408243774389,-6.373520736496974,-0.21538276709930892,-0.5157329702548845,multi_day_h1_RUT_IC_thr0.025,multi_day,RUT,IC,0.025,1,2022-07-22
29,5.0578984989278055,0.5172413793103449,5.894867426252852,6.902809586787801,242.7905584115728,471.87610619469007,-746.9900990099017,0.8795925206013688,-9.122396762535455,0.05460435774195147,0.1307498644686476,multi_day_h3_RUT_IC_thr0.025,multi_day,RUT,IC,0.025,3,2022-07-22
29,5.0578984989278055,0.6206896551724138,24.174591953787527,80.993065770119,272.73584382366766,470.91069991954936,-729.9603960396047,6.134525939622271,-12.226740918358203,0.1993434586557044,0.4773269255380371,multi_day_h5_RUT_IC_thr0.025,multi_day,RUT,IC,0.025,5,2022-07-22
302,52.671908506075766,0.4735099337748344,-6.117820626619853,-8.343390899743891,162.26779114823523,614.7051426004928,-1122.7390255668108,-20.14183480770638,-25.30026922723072,-0.2736238456397824,-0.6551909446836234,naive_short_RUT_IM_thr0.005,naive_short,RUT,IM,0.005,1,2022-07-22
302,52.671908506075766,0.49337748344370863,-5.8821793733801595,-3.6566091002561083,162.26779114823523,1110.7390255668108,-626.7051426004929,-19.51177479821904,-30.395876218053818,-0.2630846242670161,-0.6299548312472854,bounce_long_RUT_IM_thr0.005,bounce_long,RUT,IM,0.005,1,2022-07-22
336,58.601858470335955,0.5119047619047619,-7.368444225748587,1.7179668746463208,143.3039271197068,713.3359975407332,-683.4193548387086,-24.58490063900378,-42.90620111688847,-0.3936165977215881,-0.9425129959026699,fade_short_RUT_IM_thr0.005,fade_short,RUT,IM,0.005,1,2022-07-22
302,52.671908506075766,0.4735099337748344,-6.117820626619853,-8.343390899743891,162.26779114823523,614.7051426004928,-1122.7390255668108,-20.14183480770638,-25.30026922723072,-0.2736238456397824,-0.6551909446836234,multi_day_h1_RUT_IM_thr0.005,multi_day,RUT,IM,0.005,1,2022-07-22
302,52.671908506075766,0.48013245033112584,-8.15175842410182,-15.303837214407194,332.0427606941869,1117.926534194195,-2450.663270111744,-34.31028279460628,-64.02532103313212,-0.17817501839478445,-0.4266392000600113,multi_day_h3_RUT_IM_thr0.005,multi_day,RUT,IM,0.005,3,2022-07-22
302,52.671908506075766,0.5198675496688742,-16.8321420191741,24.33170647300798,385.09514254086594,1197.8488058672347,-2314.5156484137538,-52.496367291683654,-76.36872056503296,-0.31722022847400616,-0.7595822676955349,multi_day_h5_RUT_IM_thr0.005,multi_day,RUT,IM,0.005,5,2022-07-22
183,31.917083631165116,0.4262295081967213,-12.284220051146637,-21.903307888041063,168.54804119870053,544.3565837536961,-1122.7390255668108,-22.220568418624364,-27.096857139781704,-0.41175177365358406,-0.9859375849515732,naive_short_RUT_IM_thr0.010,naive_short,RUT,IM,0.01,1,2022-07-22
183,31.917083631165116,0.5355191256830601,0.28422005114662735,9.903307888041065,168.54804119870053,1110.7390255668108,-556.3565837536961,-2.010494754645631,-14.221920362402084,0.00952670252407376,0.022811642062384067,bounce_long_RUT_IM_thr0.010,bounce_long,RUT,IM,0.01,1,2022-07-22
205,35.75411007862759,0.526829268292683,1.9787356365449082,6.990151652467753,123.95300475230816,516.9629629629617,-353.39762328682036,2.5262538347650354,-24.794366898044707,0.09545390562584512,0.22856390478142619,fade_short_RUT_IM_thr0.010,fade_short,RUT,IM,0.01,1,2022-07-22
183,31.917083631165116,0.4262295081967213,-12.284220051146637,-21.903307888041063,168.54804119870053,544.3565837536961,-1122.7390255668108,-22.220568418624364,-27.096857139781704,-0.41175177365358406,-0.9859375849515732,multi_day_h1_RUT_IM_thr0.010,multi_day,RUT,IM,0.01,1,2022-07-22
183,31.917083631165116,0.4808743169398907,-22.580696200674776,-11.822981366458977,355.83704199452484,1111.01901399464,-2450.663270111744,-41.596165861178406,-57.605475333177125,-0.35850711009378894,-0.8584435014752761,multi_day_h3_RUT_IM_thr0.010,multi_day,RUT,IM,0.01,3,2022-07-22
183,31.917083631165116,0.5300546448087432,-23.043109957132828,29.31250000000097,416.0583787770544,1015.0895147428256,-2314.5156484137538,-44.675001821181915,-60.19185586844784,-0.31289485394019523,-0.749225179773275,multi_day_h5_RUT_IM_thr0.010,multi_day,RUT,IM,0.01,5,2022-07-22
103,17.96426018584703,0.4174757281553398,-15.69318601912518,-21.903307888041063,152.9236299106356,544.3565837536961,-575.4224429507223,-15.947173222423928,-20.804546591569217,-0.4349518603792117,-1.0414900778381655,naive_short_RUT_IM_thr0.015,naive_short,RUT,IM,0.015,1,2022-07-22
103,17.96426018584703,0.5436893203883495,3.693186019125171,9.903307888041065,152.9236299106356,563.4224429507221,-556.3565837536961,2.643641786908457,-12.133312044048061,0.10236022996141957,0.24510106423526087,bounce_long_RUT_IM_thr0.015,bounce_long,RUT,IM,0.015,1,2022-07-22
103,17.96426018584703,0.49514563106796117,1.048557111444517,-3.5812024879062707,129.54687100106491,366.84654877352995,-353.39762328682036,0.22608757329511953,-10.930559184843336,0.0343059800365697,0.08214549947539251,fade_short_RUT_IM_thr0.015,fade_short,RUT,IM,0.015,1,2022-07-22
103,17.96426018584703,0.4174757281553398,-15.69318601912518,-21.903307888041063,152.9236299106356,544.3565837536961,-575.4224429507223,-15.947173222423928,-20.804546591569217,-0.4349518603792117,-1.0414900778381655,multi_day_h1_RUT_IM_thr0.015,multi_day,RUT,IM,0.015,1,2022-07-22
103,17.96426018584703,0.49514563106796117,-11.79369791905113,-1.1474818897090286,367.9541881979178,1111.01901399464,-2450.663270111744,-17.817397463162166,-44.30234666896873,-0.1358503987010113,-0.3252931075961075,multi_day_h3_RUT_IM_thr0.015,multi_day,RUT,IM,0.015,3,2022-07-22
103,17.96426018584703,0.5533980582524272,2.0070784701763658,42.24087166264701,394.981412441702,1015.0895147428256,-2314.5156484137538,-6.18788656542657,-39.039085807765,0.021537354776717265,0.05157108946096952,multi_day_h5_RUT_IM_thr0.015,multi_day,RUT,IM,0.015,5,2022-07-22
52,9.069335239456754,0.40384615384615385,-9.285084063032302,-24.590697357800945,160.28269966773135,544.3565837536961,-443.12275575718,-5.334696575905163,-13.59609561616766,-0.1744564050986321,-0.4177349989194916,naive_short_RUT_IM_thr0.020,naive_short,RUT,IM,0.02,1,2022-07-22
52,9.069335239456754,0.5384615384615384,-2.714915936967719,12.590697357800947,160.28269966773138,431.1227557571799,-556.3565837536961,-2.0514801222032086,-7.772162388470905,-0.05101025163510411,-0.12214379517694354,bounce_long_RUT_IM_thr0.020,bounce_long,RUT,IM,0.02,1,2022-07-22
55,9.592566118656183,0.45454545454545453,-22.646352435670558,-5.999999999999999,130.80447426816198,366.84654877352995,-353.39762328682036,-12.131909093177073,-15.082814002067234,-0.536220067297005,-1.283976298298035,fade_short_RUT_IM_thr0.020,fade_short,RUT,IM,0.02,1,2022-07-22
52,9.069335239456754,0.40384615384615385,-9.285084063032302,-24.590697357800945,160.28269966773135,544.3565837536961,-443.12275575718,-5.334696575905163,-13.59609561616766,-0.1744564050986321,-0.4177349989194916,multi_day_h1_RUT_IM_thr0.020,multi_day,RUT,IM,0.02,1,2022-07-22
52,9.069335239456754,0.5384615384615384,31.26293459029191,13.909537176225902,319.33048333186326,1111.01901399464,-909.463919111145,14.638275020805347,-23.66256931555314,0.29483367878267885,0.7059777852127586,multi_day_h3_RUT_IM_thr0.020,multi_day,RUT,IM,0.02,3,2022-07-22
52,9.069335239456754,0.6346153846153846,40.24015117487461,72.17130653817506,342.56210826190096,1015.0895147428256,-925.2264811041473,19.587943414876396,-13.82591176531892,0.3537594162396664,0.847075172029873,multi_day_h5_RUT_IM_thr0.020,multi_day,RUT,IM,0.02,5,2022-07-22
29,5.0578984989278055,0.4482758620689655,-22.8506333540854,-19.686534216335033,177.3295940167855,544.3565837536961,-443.12275575718,-6.828768368402393,-8.022878944800116,-0.28980246626126943,-0.6939305717211903,naive_short_RUT_IM_thr0.025,naive_short,RUT,IM,0.025,1,2022-07-22
29,5.0578984989278055,0.5517241379310345,10.850633354085401,7.686534216335034,177.3295940167855,431.1227557571799,-556.3565837536961,2.7383978969554024,-5.902040158497668,0.13761282927190882,0.32951323887883865,bounce_long_RUT_IM_thr0.025,bounce_long,RUT,IM,0.025,1,2022-07-22
32,5.581129378127233,0.5625,3.628175161387026,7.4397346119991,132.233580806028,366.84654877352995,-269.12407633489744,0.895029576147155,-3.5228427172352195,0.06481977696519428,0.15521063525989984,fade_short_RUT_IM_thr0.025,fade_short,RUT,IM,0.025,1,2022-07-22
29,5.0578984989278055,0.4482758620689655,-22.8506333540854,-19.686534216335033,177.3295940167855,544.3565837536961,-443.12275575718,-6.828768368402393,-8.022878944800116,-0.28980246626126943,-0.6939305717211903,multi_day_h1_RUT_IM_thr0.025,multi_day,RUT,IM,0.025,1,2022-07-22
29,5.0578984989278055,0.5517241379310345,18.768548674829187,33.46070371588228,302.4744456424121,620.7254038179149,-909.463919111145,4.231519461639532,-12.914505053495917,0.1395491053053558,0.33414964226157784,multi_day_h3_RUT_IM_thr0.025,multi_day,RUT,IM,0.025,3,2022-07-22
29,5.0578984989278055,0.6896551724137931,35.806132495990354,111.18061674008796,315.8556061647429,612.5022026431719,-925.2264811041473,9.365166799671165,-15.773047627308278,0.25494933270882036,0.6104749158589605,multi_day_h5_RUT_IM_thr0.025,multi_day,RUT,IM,0.025,5,2022-07-22
302,52.671908506075766,0.49337748344370863,-5.614170237135869,-3.4194066473265337,114.9898144921207,853.8562628336758,-560.7652916073976,-17.252578657790085,-27.95909976611578,-0.3543363698632057,-0.848456684627072,naive_short_RUT_IH_thr0.005,naive_short,RUT,IH,0.005,1,2022-07-22
302,52.671908506075766,0.45695364238410596,-6.385829762864138,-8.580593352673466,114.98981449212071,548.7652916073974,-865.8562628336759,-19.186183547023806,-22.451737507399827,-0.40303938804179407,-0.965075820706978,bounce_long_RUT_IH_thr0.005,bounce_long,RUT,IH,0.005,1,2022-07-22
336,58.601858470335955,0.49404761904761907,-3.71185313810581,-2.3909655209781664,87.12155912073158,327.3333333333332,-460.1420118343198,-12.847184653096344,-23.956550323752413,-0.3261525966147007,-0.7809707790172712,fade_short_RUT_IH_thr0.005,fade_short,RUT,IH,0.005,1,2022-07-22
302,52.671908506075766,0.49337748344370863,-5.614170237135869,-3.4194066473265337,114.9898144921207,853.8562628336758,-560.7652916073976,-17.252578657790085,-27.95909976611578,-0.3543363698632057,-0.848456684627072,multi_day_h1_RUT_IH_thr0.005,multi_day,RUT,IH,0.005,1,2022-07-22
302,52.671908506075766,0.4966887417218543,-10.770568791635972,-2.7183709158430323,217.61128118889576,1170.2063655030806,-1964.831896912394,-32.93458264527453,-50.1276139030989,-0.3592086286573634,-0.8601232842051285,multi_day_h3_RUT_IH_thr0.005,multi_day,RUT,IH,0.005,3,2022-07-22
302,52.671908506075766,0.5132450331125827,-3.7701901230688835,3.288341750178786,256.91170752666426,1271.5924024640663,-1906.6188895865093,-19.41521123399773,-52.357943752220024,-0.10650472691103398,-0.25502504167701884,multi_day_h5_RUT_IH_thr0.005,multi_day,RUT,IH,0.005,5,2022-07-22
183,31.917083631165116,0.5136612021857924,-8.571464232450547,3.4545454545447165,109.78646049578745,531.984496124032,-560.7652916073976,-15.460897503041238,-23.04246674380449,-0.441080475734987,-1.0561650169874348,naive_short_RUT_IH_thr0.010,naive_short,RUT,IH,0.01,1,2022-07-22
183,31.917083631165116,0.4371584699453552,-3.42853576754946,-15.454545454544714,109.78646049578745,548.7652916073974,-543.9844961240321,-7.104722660831642,-10.723995409866237,-0.1764296211725293,-0.4224598550463351,bounce_long_RUT_IH_thr0.010,bounce_long,RUT,IH,0.01,1,2022-07-22
205,35.75411007862759,0.5121951219512195,0.06738769132343284,1.9190497140346765,86.29335491352263,327.3333333333332,-460.1420118343198,-0.620771392080921,-16.974391505245244,0.004669455172832591,0.01118098731012503,fade_short_RUT_IH_thr0.010,fade_short,RUT,IH,0.01,1,2022-07-22
183,31.917083631165116,0.5136612021857924,-8.571464232450547,3.4545454545447165,109.78646049578745,531.984496124032,-560.7652916073976,-15.460897503041238,-23.04246674380449,-0.441080475734987,-1.0561650169874348,multi_day_h1_RUT_IH_thr0.010,multi_day,RUT,IH,0.01,1,2022-07-22
183,31.917083631165116,0.5027322404371585,-20.067466508815333,0.6061106523529484,222.26053547982218,449.88943134153845,-1964.831896912394,-34.01424019086134,-47.288705349945836,-0.5100841059801018,-1.2213938682273031,multi_day_h3_RUT_IH_thr0.010,multi_day,RUT,IH,0.01,3,2022-07-22
183,31.917083631165116,0.5409836065573771,-6.260958116960108,12.47963040739198,261.66713091616583,869.3831202810802,-1906.6188895865093,-16.480623069059476,-45.75585864729823,-0.1351771316403109,-0.32368097295011844,multi_day_h5_RUT_IH_thr0.010,multi_day,RUT,IH,0.01,5,2022-07-22
103,17.96426018584703,0.49514563106796117,-4.712986802736563,-3.329059829059838,117.54265226960688,531.984496124032,-560.7652916073976,-5.410856870940906,-13.20267223242948,-0.16994383165221957,-0.40692966412713755,naive_short_RUT_IH_thr0.015,naive_short,RUT,IH,0.015,1,2022-07-22
103,17.96426018584703,0.4368932038834951,-7.287013197263449,-8.670940170940161,117.54265226960688,548.7652916073974,-543.9844961240321,-7.884905257486552,-8.422352706415781,-0.26275968846850656,-0.6291767740853108,bounce_long_RUT_IH_thr0.015,bounce_long,RUT,IH,0.015,1,2022-07-22
103,17.96426018584703,0.5631067961165048,8.129044380656747,8.285714285714457,97.14338770950366,327.3333333333332,-460.1420118343198,8.206380515542389,-6.810045849970237,0.35467527831138085,0.8492681992295438,fade_short_RUT_IH_thr0.015,fade_short,RUT,IH,0.015,1,2022-07-22
103,17.96426018584703,0.49514563106796117,-4.712986802736563,-3.329059829059838,117.54265226960688,531.984496124032,-560.7652916073976,-5.410856870940906,-13.20267223242948,-0.16994383165221957,-0.40692966412713755,multi_day_h1_RUT_IH_thr0.015,multi_day,RUT,IH,0.015,1,2022-07-22
103,17.96426018584703,0.5145631067961165,-17.050048754760713,1.5471698113205314,255.14378432549913,449.88943134153845,-1964.831896912394,-19.100735931690195,-32.30418058245929,-0.28323394454092615,-0.6782022789583141,multi_day_h3_RUT_IH_thr0.015,multi_day,RUT,IH,0.015,3,2022-07-22
103,17.96426018584703,0.5533980582524272,1.0173665542106036,22.32670128819048,246.73385905111328,869.3831202810802,-1113.8570830892832,-2.0872653689380516,-29.37763720997917,0.01747645620659158,0.04184728792531056,multi_day_h5_RUT_IH_thr0.015,multi_day,RUT,IH,0.015,5,2022-07-22
52,9.069335239456754,0.5,12.571771711931154,0.06551941312760742,124.87420428309481,531.984496124032,-290.1624685138533,6.332529505223428,-5.262204428541494,0.3031876312977535,0.7259812831805471,naive_short_RUT_IH_thr0.020,naive_short,RUT,IH,0.02,1,2022-07-22
52,9.069335239456754,0.4423076923076923,-24.571771711931163,-12.065519413127605,124.87420428309483,278.1624685138533,-543.9844961240321,-12.363006801283948,-12.533331269156045,-0.5925861074186797,-1.4189445025093486,bounce_long_RUT_IH_thr0.020,bounce_long,RUT,IH,0.02,1,2022-07-22
55,9.592566118656183,0.5636363636363636,-1.925523434213722,7.710838417769767,101.50795065555884,327.3333333333332,-460.1420118343198,-1.3309086043243545,-7.212053547706255,-0.05875111987656818,-0.140679265884687,fade_short_RUT_IH_thr0.020,fade_short,RUT,IH,0.02,1,2022-07-22
52,9.069335239456754,0.5,12.571771711931154,0.06551941312760742,124.87420428309481,531.984496124032,-290.1624685138533,6.332529505223428,-5.262204428541494,0.3031876312977535,0.7259812831805471,multi_day_h1_RUT_IH_thr0.020,multi_day,RUT,IH,0.02,1,2022-07-22
52,9.069335239456754,0.5192307692307693,-3.173243173018285,11.891411523486834,178.76726003270252,337.6734693877541,-469.4669305624284,-2.440517157148858,-12.3694234913994,-0.05345681731127287,-0.12800208458462115,multi_day_h3_RUT_IH_thr0.020,multi_day,RUT,IH,0.02,3,2022-07-22
52,9.069335239456754,0.5961538461538461,12.965292686221117,47.57993700334185,249.54582333467326,869.3831202810802,-636.8758040573981,5.2901205773652205,-13.11021543219244,0.15646591620575115,0.374656862269938,multi_day_h5_RUT_IH_thr0.020,multi_day,RUT,IH,0.02,5,2022-07-22
29,5.0578984989278055,0.4482758620689655,12.02115313059527,-15.309542280837578,138.87718200071566,531.984496124032,-262.7999999999993,3.2711570588146,-4.161969234986229,0.1946705647397979,0.466137704174634,naive_short_RUT_IH_thr0.025,naive_short,RUT,IH,0.025,1,2022-07-22
29,5.0578984989278055,0.5517241379310345,-24.021153130595277,3.30954228083758,138.87718200071566,250.79999999999924,-543.9844961240321,-6.99382047641236,-9.818751607899678,-0.3889985756634803,-0.931455164931298,bounce_long_RUT_IH_thr0.025,bounce_long,RUT,IH,0.025,1,2022-07-22
32,5.581129378127233,0.5625,-7.893803732965283,13.031444099378849,110.26993446849033,150.61016949152452,-460.1420118343198,-2.682332194191561,-6.703733905965836,-0.16911816306334182,-0.4049526047759047,fade_short_RUT_IH_thr0.025,fade_short,RUT,IH,0.025,1,2022-07-22
29,5.0578984989278055,0.4482758620689655,12.02115313059527,-15.309542280837578,138.87718200071566,531.984496124032,-262.7999999999993,3.2711570588146,-4.161969234986229,0.1946705647397979,0.466137704174634,multi_day_h1_RUT_IH_thr0.025,multi_day,RUT,IH,0.025,1,2022-07-22
29,5.0578984989278055,0.5517241379310345,-4.645815765629326,26.428355957767607,193.54673182152192,236.8238944918537,-469.4669305624284,-1.8597190116125373,-9.12526148552657,-0.05398351957954886,-0.12926327056025078,multi_day_h3_RUT_IH_thr0.025,multi_day,RUT,IH,0.025,3,2022-07-22
29,5.0578984989278055,0.5517241379310345,-8.021005787445677,70.10127323283922,227.2470908178486,360.1753297129566,-636.8758040573981,-3.014982075811079,-12.670031268987946,-0.07938081480507418,-0.19007696832958546,multi_day_h5_RUT_IH_thr0.025,multi_day,RUT,IH,0.025,5,2022-07-22
