us_code,cn_code,cn_kind,y_col,sample_start,bucket,count,cn_mean,cn_median,cn_pct_down
SPX,HS300,cn_index,cn_ret_cc,2022-07-22,us_le_-2pct,21,-0.007158145163303466,-0.0048584241104108195,0.7142857142857143
SPX,HS300,cn_index,cn_ret_cc,2022-07-22,us_in_-2_-1pct,85,-0.0017167334621526302,-0.0024587986788965344,0.611764705882353
SPX,HS300,cn_index,cn_ret_cc,2022-07-22,us_in_-1_0pct,313,-0.00034763161443525527,-0.0017033579376705132,0.5654952076677316
SPX,HS300,cn_index,cn_ret_cc,2022-07-22,us_in_0_1pct,379,0.0009795974203151544,0.0007674278450708893,0.46174142480211083
SPX,HS300,cn_index,cn_ret_cc,2022-07-22,us_in_1_2pct,108,0.0009888956945905466,0.0007157445769583326,0.4444444444444444
SPX,HS300,cn_index,cn_ret_cc,2022-07-22,us_ge_2pct,20,0.005090982595703647,0.0008269786637926657,0.35
SPX,HS300,cn_index,cn_ret_oc,2022-07-22,us_le_-2pct,21,0.0004525488424219467,0.0010158429168236616,0.42857142857142855
SPX,HS300,cn_index,cn_ret_oc,2022-07-22,us_in_-2_-1pct,85,0.0020066653077154715,0.001334140692789365,0.38823529411764707
SPX,HS300,cn_index,cn_ret_oc,2022-07-22,us_in_-1_0pct,313,0.0005755536067002655,-0.0003925211051662991,0.5239616613418531
SPX,HS300,cn_index,cn_ret_oc,2022-07-22,us_in_0_1pct,379,0.0003089897160847206,0.0004921977972569547,0.49076517150395776
SPX,HS300,cn_index,cn_ret_oc,2022-07-22,us_in_1_2pct,108,-0.0008522437643749178,-0.0004008241630707454,0.5092592592592593
SPX,HS300,cn_index,cn_ret_oc,2022-07-22,us_ge_2pct,20,0.000236491766170277,-0.0015607870886759634,0.6
SPX,ZZ500,cn_index,cn_ret_cc,2022-07-22,us_le_-2pct,21,-0.004900623231983761,-0.0009694593275120233,0.6190476190476191
SPX,ZZ500,cn_index,cn_ret_cc,2022-07-22,us_in_-2_-1pct,85,-0.0028689968991671153,-0.0008009079344813985,0.5411764705882353
SPX,ZZ500,cn_index,cn_ret_cc,2022-07-22,us_in_-1_0pct,313,-0.00013799508230985055,-0.0011442343345879902,0.5718849840255591
SPX,ZZ500,cn_index,cn_ret_cc,2022-07-22,us_in_0_1pct,379,0.0016184869307545862,0.0010768837168972922,0.44591029023746703
SPX,ZZ500,cn_index,cn_ret_cc,2022-07-22,us_in_1_2pct,108,0.0003375103844923492,0.0008025985702638794,0.4444444444444444
SPX,ZZ500,cn_index,cn_ret_cc,2022-07-22,us_ge_2pct,20,0.005449258144183089,0.003963892945592407,0.25
SPX,ZZ500,cn_index,cn_ret_oc,2022-07-22,us_le_-2pct,21,0.004015112168225017,0.00452736637626816,0.19047619047619047
SPX,ZZ500,cn_index,cn_ret_oc,2022-07-22,us_in_-2_-1pct,85,0.0012880532167730055,0.002290004205752094,0.4235294117647059
SPX,ZZ500,cn_index,cn_ret_oc,2022-07-22,us_in_-1_0pct,313,0.0007355516284859788,-0.00010673328932231385,0.5111821086261981
SPX,ZZ500,cn_index,cn_ret_oc,2022-07-22,us_in_0_1pct,379,0.0009455596908834268,0.0010326528351374265,0.44063324538258575
SPX,ZZ500,cn_index,cn_ret_oc,2022-07-22,us_in_1_2pct,108,-0.001497943830996705,-0.00045840224917959027,0.5370370370370371
SPX,ZZ500,cn_index,cn_ret_oc,2022-07-22,us_ge_2pct,20,0.0011433173935842312,-0.0005336725647857588,0.5
SPX,ZZ1000,cn_index,cn_ret_cc,2022-07-22,us_le_-2pct,21,-0.005897260664604519,0.0007224933285898683,0.42857142857142855
SPX,ZZ1000,cn_index,cn_ret_cc,2022-07-22,us_in_-2_-1pct,85,-0.003581277690010197,-0.0013178262752207015,0.5411764705882353
SPX,ZZ1000,cn_index,cn_ret_cc,2022-07-22,us_in_-1_0pct,313,-0.00011029112142400259,-0.00026509421308806846,0.5175718849840255
SPX,ZZ1000,cn_index,cn_ret_cc,2022-07-22,us_in_0_1pct,379,0.0016461669494188262,0.002234173337927192,0.42744063324538256
SPX,ZZ1000,cn_index,cn_ret_cc,2022-07-22,us_in_1_2pct,108,-4.77250073904725e-05,0.0016989912166835985,0.4351851851851852
SPX,ZZ1000,cn_index,cn_ret_cc,2022-07-22,us_ge_2pct,20,0.006914215385062122,0.00600617634258771,0.25
SPX,ZZ1000,cn_index,cn_ret_oc,2022-07-22,us_le_-2pct,21,0.0036489351022061496,0.00535543696084706,0.23809523809523808
SPX,ZZ1000,cn_index,cn_ret_oc,2022-07-22,us_in_-2_-1pct,85,0.0005775880484143067,0.0021646540029394146,0.43529411764705883
SPX,ZZ1000,cn_index,cn_ret_oc,2022-07-22,us_in_-1_0pct,313,0.0008218979948095407,0.0006663900853409732,0.4792332268370607
SPX,ZZ1000,cn_index,cn_ret_oc,2022-07-22,us_in_0_1pct,379,0.0010585963356610482,0.0016153312143913912,0.44854881266490765
SPX,ZZ1000,cn_index,cn_ret_oc,2022-07-22,us_in_1_2pct,108,-0.001769742535683216,0.00014154974491964456,0.49074074074074076
SPX,ZZ1000,cn_index,cn_ret_oc,2022-07-22,us_ge_2pct,20,0.0022166801051696438,0.002003053389713627,0.3
SPX,SSE50,cn_index,cn_ret_cc,2022-07-22,us_le_-2pct,21,-0.006819000974167364,-0.0036026782004277003,0.6666666666666666
SPX,SSE50,cn_index,cn_ret_cc,2022-07-22,us_in_-2_-1pct,85,-0.0010007836516924534,-0.0016591607812759257,0.5647058823529412
SPX,SSE50,cn_index,cn_ret_cc,2022-07-22,us_in_-1_0pct,313,-0.00043197449274162106,-0.0012426280853428118,0.5750798722044729
SPX,SSE50,cn_index,cn_ret_cc,2022-07-22,us_in_0_1pct,379,0.0006778483313446044,0.000733502978088163,0.45646437994722955
SPX,SSE50,cn_index,cn_ret_cc,2022-07-22,us_in_1_2pct,108,0.0009278909831224262,0.0010389241334370913,0.4537037037037037
SPX,SSE50,cn_index,cn_ret_cc,2022-07-22,us_ge_2pct,20,0.00414068955843423,-0.0003462044395862174,0.5
SPX,SSE50,cn_index,cn_ret_oc,2022-07-22,us_le_-2pct,21,-0.0006734989401610573,-0.00045711686700178333,0.5238095238095238
SPX,SSE50,cn_index,cn_ret_oc,2022-07-22,us_in_-2_-1pct,85,0.0021147670414536786,0.001658964420777842,0.43529411764705883
SPX,SSE50,cn_index,cn_ret_oc,2022-07-22,us_in_-1_0pct,313,0.0003331662746401655,-0.0006448356763824048,0.5239616613418531
SPX,SSE50,cn_index,cn_ret_oc,2022-07-22,us_in_0_1pct,379,2.1227959193890926e-05,0.0003489583738345292,0.48021108179419525
SPX,SSE50,cn_index,cn_ret_oc,2022-07-22,us_in_1_2pct,108,-0.0005938461630636045,-0.0004959212856310846,0.5277777777777778
SPX,SSE50,cn_index,cn_ret_oc,2022-07-22,us_ge_2pct,20,-0.00023993766192720312,-0.002008697175262919,0.65
SPX,IF,cn_future,cn_ret_cc,2022-07-22,us_le_-2pct,21,-0.008491288824382326,-0.004902753084424227,0.7619047619047619
SPX,IF,cn_future,cn_ret_cc,2022-07-22,us_in_-2_-1pct,85,-0.001450525302448909,-0.0024406953840885315,0.6
SPX,IF,cn_future,cn_ret_cc,2022-07-22,us_in_-1_0pct,313,-0.00042594081167905825,-0.0016979850577314437,0.5846645367412141
SPX,IF,cn_future,cn_ret_cc,2022-07-22,us_in_0_1pct,379,0.0011627286001353449,0.00022397670642249068,0.48812664907651715
SPX,IF,cn_future,cn_ret_cc,2022-07-22,us_in_1_2pct,108,0.0006638429144433214,0.00020966361622842822,0.4722222222222222
SPX,IF,cn_future,cn_ret_cc,2022-07-22,us_ge_2pct,20,0.00511072254045652,0.0005347548745425756,0.4
SPX,IF,cn_future,cn_ret_oc,2022-07-22,us_le_-2pct,21,-0.003466896269647949,-0.0007033490234269468,0.5714285714285714
SPX,IF,cn_future,cn_ret_oc,2022-07-22,us_in_-2_-1pct,85,0.0016077699499088105,0.0007339242364365894,0.4
SPX,IF,cn_future,cn_ret_oc,2022-07-22,us_in_-1_0pct,313,-4.086819999850612e-05,-0.001079913606911398,0.5623003194888179
SPX,IF,cn_future,cn_ret_oc,2022-07-22,us_in_0_1pct,379,0.00010245787076902119,-0.00012962882945177778,0.503957783641161
SPX,IF,cn_future,cn_ret_oc,2022-07-22,us_in_1_2pct,108,-0.001285776154843572,-0.0006836385187366512,0.5277777777777778
SPX,IF,cn_future,cn_ret_oc,2022-07-22,us_ge_2pct,20,-0.0002193094444420618,-0.0018804186003788526,0.75
SPX,IC,cn_future,cn_ret_cc,2022-07-22,us_le_-2pct,21,-0.004509746076357684,0.0002666044589596517,0.47619047619047616
SPX,IC,cn_future,cn_ret_cc,2022-07-22,us_in_-2_-1pct,85,-0.0024761083305542327,-0.0017580144777662454,0.5176470588235295
SPX,IC,cn_future,cn_ret_cc,2022-07-22,us_in_-1_0pct,313,-0.00020679887746857228,-0.0012137810836886365,0.5654952076677316
SPX,IC,cn_future,cn_ret_cc,2022-07-22,us_in_0_1pct,379,0.001788513974192466,0.0007832131318734614,0.47493403693931396
SPX,IC,cn_future,cn_ret_cc,2022-07-22,us_in_1_2pct,108,-0.0003379117040896697,0.0002997739556752643,0.49074074074074076
SPX,IC,cn_future,cn_ret_cc,2022-07-22,us_ge_2pct,20,0.005222822153053125,0.004005560573133282,0.3
SPX,IC,cn_future,cn_ret_oc,2022-07-22,us_le_-2pct,21,0.001055468642715213,0.0044198895027625085,0.3333333333333333
SPX,IC,cn_future,cn_ret_oc,2022-07-22,us_in_-2_-1pct,85,0.0008482739215728115,0.0020292747837658,0.4470588235294118
SPX,IC,cn_future,cn_ret_oc,2022-07-22,us_in_-1_0pct,313,-5.3792883632109414e-05,-0.0006717044500419433,0.5335463258785943
SPX,IC,cn_future,cn_ret_oc,2022-07-22,us_in_0_1pct,379,0.0006045971627890125,6.902978635281443e-05,0.49340369393139843
SPX,IC,cn_future,cn_ret_oc,2022-07-22,us_in_1_2pct,108,-0.002665646852549569,-0.001659551196414033,0.6203703703703703
SPX,IC,cn_future,cn_ret_oc,2022-07-22,us_ge_2pct,20,-0.000552443310922518,-0.00255508260085352,0.6
SPX,IM,cn_future,cn_ret_cc,2022-07-22,us_le_-2pct,21,-0.004204763445669927,0.002931253802334055,0.42857142857142855
SPX,IM,cn_future,cn_ret_cc,2022-07-22,us_in_-2_-1pct,85,-0.0033441888456410326,-0.0015822263242903922,0.5529411764705883
SPX,IM,cn_future,cn_ret_cc,2022-07-22,us_in_-1_0pct,313,-0.00031578571061736716,-0.000946166394779846,0.5271565495207667
SPX,IM,cn_future,cn_ret_cc,2022-07-22,us_in_0_1pct,378,0.0018979498843823197,0.0011017835278210875,0.4523809523809524
SPX,IM,cn_future,cn_ret_cc,2022-07-22,us_in_1_2pct,108,-0.0007121955298254991,0.0012351512261457032,0.46296296296296297
SPX,IM,cn_future,cn_ret_cc,2022-07-22,us_ge_2pct,20,0.007495332266407756,0.007551232256336804,0.3
SPX,IM,cn_future,cn_ret_oc,2022-07-22,us_le_-2pct,21,0.002176291569862004,0.005312843029637637,0.3333333333333333
SPX,IM,cn_future,cn_ret_oc,2022-07-22,us_in_-2_-1pct,85,0.0004014032750709453,0.0011359899554572728,0.47058823529411764
SPX,IM,cn_future,cn_ret_oc,2022-07-22,us_in_-1_0pct,313,0.00030780116759776543,-0.0006699419383653371,0.5143769968051118
SPX,IM,cn_future,cn_ret_oc,2022-07-22,us_in_0_1pct,379,0.0010643100544526995,0.0003742631693852694,0.49076517150395776
SPX,IM,cn_future,cn_ret_oc,2022-07-22,us_in_1_2pct,108,-0.002723789964803198,-0.0012648921980080163,0.5370370370370371
SPX,IM,cn_future,cn_ret_oc,2022-07-22,us_ge_2pct,20,0.0013666188970702208,-3.891050583659794e-05,0.5
SPX,IH,cn_future,cn_ret_cc,2022-07-22,us_le_-2pct,21,-0.008283777432204828,-0.004771826063579621,0.7142857142857143
SPX,IH,cn_future,cn_ret_cc,2022-07-22,us_in_-2_-1pct,85,-0.000575661973144508,-0.0010521470375486341,0.5764705882352941
SPX,IH,cn_future,cn_ret_cc,2022-07-22,us_in_-1_0pct,313,-0.0007077399002016203,-0.001681778297747849,0.5942492012779552
SPX,IH,cn_future,cn_ret_cc,2022-07-22,us_in_0_1pct,379,0.0009576722262764334,0.000536562931166662,0.43799472295514513
SPX,IH,cn_future,cn_ret_cc,2022-07-22,us_in_1_2pct,108,0.0008153925623410885,0.0007140793704291104,0.46296296296296297
SPX,IH,cn_future,cn_ret_cc,2022-07-22,us_ge_2pct,20,0.003717534604186573,-0.0007228597422383465,0.55
SPX,IH,cn_future,cn_ret_oc,2022-07-22,us_le_-2pct,21,-0.004189273566905534,0.0007317430118543022,0.47619047619047616
SPX,IH,cn_future,cn_ret_oc,2022-07-22,us_in_-2_-1pct,85,0.0018015749593031315,0.0010698456365583198,0.4588235294117647
SPX,IH,cn_future,cn_ret_oc,2022-07-22,us_in_-1_0pct,313,-0.0003378204850981947,-0.0013693693693694886,0.5654952076677316
SPX,IH,cn_future,cn_ret_oc,2022-07-22,us_in_0_1pct,379,-7.541989284473341e-05,-8.302200083010192e-05,0.503957783641161
SPX,IH,cn_future,cn_ret_oc,2022-07-22,us_in_1_2pct,108,-0.0007562215405440482,-0.0005238443316027408,0.5370370370370371
SPX,IH,cn_future,cn_ret_oc,2022-07-22,us_ge_2pct,20,-0.0007820888968475881,-0.003143422167812493,0.75
NDX,HS300,cn_index,cn_ret_cc,2022-07-22,us_le_-2pct,52,-0.0055471453958828,-0.002748036634593831,0.6923076923076923
NDX,HS300,cn_index,cn_ret_cc,2022-07-22,us_in_-2_-1pct,105,-0.00021198475691751542,-0.0031126668645331534,0.580952380952381
NDX,HS300,cn_index,cn_ret_cc,2022-07-22,us_in_-1_0pct,249,-0.00012643195013022418,-0.0006975357962689666,0.5261044176706827
NDX,HS300,cn_index,cn_ret_cc,2022-07-22,us_in_0_1pct,326,0.0008204916759237201,-0.0001067194922431125,0.5030674846625767
NDX,HS300,cn_index,cn_ret_cc,2022-07-22,us_in_1_2pct,142,0.0007645456330635248,0.00064055648701411,0.4295774647887324
NDX,HS300,cn_index,cn_ret_cc,2022-07-22,us_ge_2pct,52,0.0027111821268698375,0.0009368253447405994,0.40384615384615385
NDX,HS300,cn_index,cn_ret_oc,2022-07-22,us_le_-2pct,52,0.0006531235979286031,0.0008970782898494178,0.46153846153846156
NDX,HS300,cn_index,cn_ret_oc,2022-07-22,us_in_-2_-1pct,105,0.0014079573953771764,0.001076648746769715,0.41904761904761906
NDX,HS300,cn_index,cn_ret_oc,2022-07-22,us_in_-1_0pct,249,0.0008964579435933048,9.18007477450633e-05,0.4899598393574297
NDX,HS300,cn_index,cn_ret_oc,2022-07-22,us_in_0_1pct,326,0.00043411332871352924,-6.3228239364721e-05,0.5061349693251533
NDX,HS300,cn_index,cn_ret_oc,2022-07-22,us_in_1_2pct,142,-0.0007628469724289646,-0.0005048686973758154,0.5140845070422535
NDX,HS300,cn_index,cn_ret_oc,2022-07-22,us_ge_2pct,52,-0.0009269171101238218,-0.00160107232015394,0.5961538461538461
NDX,ZZ500,cn_index,cn_ret_cc,2022-07-22,us_le_-2pct,52,-0.005228156485656559,-0.0017179969199183076,0.6153846153846154
NDX,ZZ500,cn_index,cn_ret_cc,2022-07-22,us_in_-2_-1pct,105,-0.0005444752750916683,-0.0008009079344813985,0.5523809523809524
NDX,ZZ500,cn_index,cn_ret_cc,2022-07-22,us_in_-1_0pct,249,0.0004226939642162783,-0.0004324979914239746,0.5261044176706827
NDX,ZZ500,cn_index,cn_ret_cc,2022-07-22,us_in_0_1pct,326,0.0013617646182961126,0.0005269529294841258,0.4723926380368098
NDX,ZZ500,cn_index,cn_ret_cc,2022-07-22,us_in_1_2pct,142,-0.00024155991098195572,0.00046666212154433673,0.4788732394366197
NDX,ZZ500,cn_index,cn_ret_cc,2022-07-22,us_ge_2pct,52,0.0035196544604768195,0.0036095326145445528,0.3269230769230769
NDX,ZZ500,cn_index,cn_ret_oc,2022-07-22,us_le_-2pct,52,0.001971517555219227,0.002079421959137795,0.38461538461538464
NDX,ZZ500,cn_index,cn_ret_oc,2022-07-22,us_in_-2_-1pct,105,0.001271500932819851,0.0021665694380643696,0.44761904761904764
NDX,ZZ500,cn_index,cn_ret_oc,2022-07-22,us_in_-1_0pct,249,0.0013705115240495514,0.0008408182657480001,0.4578313253012048
NDX,ZZ500,cn_index,cn_ret_oc,2022-07-22,us_in_0_1pct,326,0.0009616411207734462,0.000774969488365751,0.4570552147239264
NDX,ZZ500,cn_index,cn_ret_oc,2022-07-22,us_in_1_2pct,142,-0.001783784741086866,-0.0005134743399156094,0.5352112676056338
NDX,ZZ500,cn_index,cn_ret_oc,2022-07-22,us_ge_2pct,52,0.00011545429230327761,-0.0014570935489465753,0.5576923076923077
NDX,ZZ1000,cn_index,cn_ret_cc,2022-07-22,us_le_-2pct,52,-0.006397387960555857,-0.001057583013834018,0.5384615384615384
NDX,ZZ1000,cn_index,cn_ret_cc,2022-07-22,us_in_-2_-1pct,105,-0.0006574003417276361,-0.0010587917362877564,0.5333333333333333
NDX,ZZ1000,cn_index,cn_ret_cc,2022-07-22,us_in_-1_0pct,249,0.00043283657590472064,3.008408217142211e-05,0.4979919678714859
NDX,ZZ1000,cn_index,cn_ret_cc,2022-07-22,us_in_0_1pct,326,0.0014063498345971222,0.001707716816007343,0.43558282208588955
NDX,ZZ1000,cn_index,cn_ret_cc,2022-07-22,us_in_1_2pct,142,-0.0008188578183615983,0.001161212916643617,0.4507042253521127
NDX,ZZ1000,cn_index,cn_ret_cc,2022-07-22,us_ge_2pct,52,0.004730341320735542,0.00480601651339696,0.3269230769230769
NDX,ZZ1000,cn_index,cn_ret_oc,2022-07-22,us_le_-2pct,52,0.0012377884718146796,0.0024698661771349606,0.38461538461538464
NDX,ZZ1000,cn_index,cn_ret_oc,2022-07-22,us_in_-2_-1pct,105,0.001035094069860834,0.0027447949220671397,0.42857142857142855
NDX,ZZ1000,cn_index,cn_ret_oc,2022-07-22,us_in_-1_0pct,249,0.0014556250312991843,0.0010066241728510228,0.46184738955823296
NDX,ZZ1000,cn_index,cn_ret_oc,2022-07-22,us_in_0_1pct,326,0.0010703190885588967,0.0011640309588867304,0.450920245398773
NDX,ZZ1000,cn_index,cn_ret_oc,2022-07-22,us_in_1_2pct,142,-0.0021526461316975602,-0.00028928693322538557,0.5140845070422535
NDX,ZZ1000,cn_index,cn_ret_oc,2022-07-22,us_ge_2pct,52,0.0011276409667246108,0.000870857949924253,0.40384615384615385
NDX,SSE50,cn_index,cn_ret_cc,2022-07-22,us_le_-2pct,52,-0.004898624305222735,-0.002623107622743426,0.6538461538461539
NDX,SSE50,cn_index,cn_ret_cc,2022-07-22,us_in_-2_-1pct,105,0.0003549244487867605,-0.00146869580838771,0.5142857142857142
NDX,SSE50,cn_index,cn_ret_cc,2022-07-22,us_in_-1_0pct,249,-0.00037417422772440136,-0.0007932796232499317,0.5502008032128514
NDX,SSE50,cn_index,cn_ret_cc,2022-07-22,us_in_0_1pct,326,0.0004962510771054956,-1.5340781995887287e-05,0.5030674846625767
NDX,SSE50,cn_index,cn_ret_cc,2022-07-22,us_in_1_2pct,142,0.000813258618049293,0.001535578136918736,0.4225352112676056
NDX,SSE50,cn_index,cn_ret_cc,2022-07-22,us_ge_2pct,52,0.0021120594692109283,0.00046342883849070926,0.4807692307692308
NDX,SSE50,cn_index,cn_ret_oc,2022-07-22,us_le_-2pct,52,-2.156703859228333e-05,0.0005146152971589601,0.5
NDX,SSE50,cn_index,cn_ret_oc,2022-07-22,us_in_-2_-1pct,105,0.0015596915992034843,0.00173697809236395,0.44761904761904764
NDX,SSE50,cn_index,cn_ret_oc,2022-07-22,us_in_-1_0pct,249,0.0005209291044226992,-5.13401304038652e-05,0.5020080321285141
NDX,SSE50,cn_index,cn_ret_oc,2022-07-22,us_in_0_1pct,326,0.00010237966232790563,-0.00011243382429487747,0.5030674846625767
NDX,SSE50,cn_index,cn_ret_oc,2022-07-22,us_in_1_2pct,142,-0.00046884153022023464,0.00010582357572974654,0.49295774647887325
NDX,SSE50,cn_index,cn_ret_oc,2022-07-22,us_ge_2pct,52,-0.0009644947905926827,-0.0018835760803471158,0.6153846153846154
NDX,IF,cn_future,cn_ret_cc,2022-07-22,us_le_-2pct,52,-0.00583509148253151,-0.0031447031639258993,0.6730769230769231
NDX,IF,cn_future,cn_ret_cc,2022-07-22,us_in_-2_-1pct,105,-0.00035021736792246316,-0.0018119490695397422,0.6
NDX,IF,cn_future,cn_ret_cc,2022-07-22,us_in_-1_0pct,249,-0.0002286300139720182,-0.0012073211957308594,0.5461847389558233
NDX,IF,cn_future,cn_ret_cc,2022-07-22,us_in_0_1pct,326,0.0011680988345278403,-0.0003243314499533634,0.5245398773006135
NDX,IF,cn_future,cn_ret_cc,2022-07-22,us_in_1_2pct,142,0.00042901507388712465,0.0005511127397253013,0.4647887323943662
NDX,IF,cn_future,cn_ret_cc,2022-07-22,us_ge_2pct,52,0.0025972793961356834,0.00034756502601329675,0.4423076923076923
NDX,IF,cn_future,cn_ret_oc,2022-07-22,us_le_-2pct,52,-0.0014796411225672422,-0.0005291053137006507,0.5384615384615384
NDX,IF,cn_future,cn_ret_oc,2022-07-22,us_in_-2_-1pct,105,0.0009022638949589873,0.00041258380608555356,0.44761904761904764
NDX,IF,cn_future,cn_ret_oc,2022-07-22,us_in_-1_0pct,249,0.0002102420391372719,-0.0005087763927753564,0.5341365461847389
NDX,IF,cn_future,cn_ret_oc,2022-07-22,us_in_0_1pct,326,0.0003033754570659768,-0.000496316548684983,0.5245398773006135
NDX,IF,cn_future,cn_ret_oc,2022-07-22,us_in_1_2pct,142,-0.0011285082820530412,-0.000586715650477021,0.5211267605633803
NDX,IF,cn_future,cn_ret_oc,2022-07-22,us_ge_2pct,52,-0.0011952589308602461,-0.0018285021727551531,0.6153846153846154
NDX,IC,cn_future,cn_ret_cc,2022-07-22,us_le_-2pct,52,-0.004702602969082237,-0.0016220142318901232,0.5769230769230769
NDX,IC,cn_future,cn_ret_cc,2022-07-22,us_in_-2_-1pct,105,-0.0007507215582680199,-0.0009078872706639318,0.5333333333333333
NDX,IC,cn_future,cn_ret_cc,2022-07-22,us_in_-1_0pct,249,0.0007656484341604702,-0.000655307994757548,0.5301204819277109
NDX,IC,cn_future,cn_ret_cc,2022-07-22,us_in_0_1pct,326,0.0014432825952446723,8.710001243350529e-05,0.4938650306748466
NDX,IC,cn_future,cn_ret_cc,2022-07-22,us_in_1_2pct,142,-0.0009022765610389891,-0.0003047249011116637,0.5140845070422535
NDX,IC,cn_future,cn_ret_cc,2022-07-22,us_ge_2pct,52,0.003196820277159099,0.0028453209217192965,0.34615384615384615
NDX,IC,cn_future,cn_ret_oc,2022-07-22,us_le_-2pct,52,0.0001263081575549095,0.0008971528574681642,0.4807692307692308
NDX,IC,cn_future,cn_ret_oc,2022-07-22,us_in_-2_-1pct,105,0.0005489532565595235,0.0010268697586857112,0.47619047619047616
NDX,IC,cn_future,cn_ret_oc,2022-07-22,us_in_-1_0pct,249,0.0008279255397302094,6.986899563310445e-05,0.4859437751004016
NDX,IC,cn_future,cn_ret_oc,2022-07-22,us_in_0_1pct,326,0.0005610140801481588,-0.00015201729892611038,0.50920245398773
NDX,IC,cn_future,cn_ret_oc,2022-07-22,us_in_1_2pct,142,-0.0026989149584163985,-0.0016984260951481978,0.5985915492957746
NDX,IC,cn_future,cn_ret_oc,2022-07-22,us_ge_2pct,52,-0.0011994555942405466,-0.0025185924698883366,0.5961538461538461
NDX,IM,cn_future,cn_ret_cc,2022-07-22,us_le_-2pct,52,-0.0052655743699551215,-0.001673898494291448,0.5769230769230769
NDX,IM,cn_future,cn_ret_cc,2022-07-22,us_in_-2_-1pct,105,-0.0004067496446231109,0.0001890645088105103,0.49523809523809526
NDX,IM,cn_future,cn_ret_cc,2022-07-22,us_in_-1_0pct,249,0.0004278012904928407,-0.00033667514589241776,0.5100401606425703
NDX,IM,cn_future,cn_ret_cc,2022-07-22,us_in_0_1pct,326,0.001520552022238003,0.0006985579960838706,0.46932515337423314
NDX,IM,cn_future,cn_ret_cc,2022-07-22,us_in_1_2pct,141,-0.0016133025408462548,0.0009634473899335916,0.48226950354609927
NDX,IM,cn_future,cn_ret_cc,2022-07-22,us_ge_2pct,52,0.005015179429650663,0.004508726161205456,0.34615384615384615
NDX,IM,cn_future,cn_ret_oc,2022-07-22,us_le_-2pct,52,-6.479253181052025e-05,0.0010879262205180096,0.46153846153846156
NDX,IM,cn_future,cn_ret_oc,2022-07-22,us_in_-2_-1pct,105,0.0011267046681759433,0.00024910477969797284,0.47619047619047616
NDX,IM,cn_future,cn_ret_oc,2022-07-22,us_in_-1_0pct,249,0.001039358392031935,0.000547045951859948,0.4899598393574297
NDX,IM,cn_future,cn_ret_oc,2022-07-22,us_in_0_1pct,326,0.001187480145261854,0.00035364687382366533,0.49079754601226994
NDX,IM,cn_future,cn_ret_oc,2022-07-22,us_in_1_2pct,142,-0.003352020247718916,-0.0016068286734799986,0.5492957746478874
NDX,IM,cn_future,cn_ret_oc,2022-07-22,us_ge_2pct,52,0.0005352513247482299,-0.00045270573545524995,0.5384615384615384
NDX,IH,cn_future,cn_ret_cc,2022-07-22,us_le_-2pct,52,-0.005463439582033523,-0.003320092190827517,0.6923076923076923
NDX,IH,cn_future,cn_ret_cc,2022-07-22,us_in_-2_-1pct,105,0.0003686907511593856,-0.0010044194455605115,0.5428571428571428
NDX,IH,cn_future,cn_ret_cc,2022-07-22,us_in_-1_0pct,249,-0.0007192456865069191,-0.0007654037504783995,0.5662650602409639
NDX,IH,cn_future,cn_ret_cc,2022-07-22,us_in_0_1pct,326,0.000862890689822816,0.0002579261055093429,0.4815950920245399
NDX,IH,cn_future,cn_ret_cc,2022-07-22,us_in_1_2pct,142,0.0008602390786285861,0.0010312380518983089,0.4154929577464789
NDX,IH,cn_future,cn_ret_cc,2022-07-22,us_ge_2pct,52,0.001961151371257286,-0.00023658747845134442,0.5192307692307693
NDX,IH,cn_future,cn_ret_oc,2022-07-22,us_le_-2pct,52,-0.0020539963512976834,0.00012762753066647425,0.5
NDX,IH,cn_future,cn_ret_oc,2022-07-22,us_in_-2_-1pct,105,0.0012276675841909745,0.0004610115911485302,0.4666666666666667
NDX,IH,cn_future,cn_ret_oc,2022-07-22,us_in_-1_0pct,249,-0.0002373963856006912,-0.0008709422011083934,0.5381526104417671
NDX,IH,cn_future,cn_ret_oc,2022-07-22,us_in_0_1pct,326,1.1711048783518944e-05,-0.0007928408806850418,0.5368098159509203
NDX,IH,cn_future,cn_ret_oc,2022-07-22,us_in_1_2pct,142,-0.0004967489720657072,-0.00011973714810820102,0.5140845070422535
NDX,IH,cn_future,cn_ret_oc,2022-07-22,us_ge_2pct,52,-0.0012065685159989485,-0.0030824003634667974,0.6346153846153846
RUT,HS300,cn_index,cn_ret_cc,2022-07-22,us_le_-2pct,52,-0.005221550330910733,-0.004623344512882099,0.7307692307692307
RUT,HS300,cn_index,cn_ret_cc,2022-07-22,us_in_-2_-1pct,131,-0.0009747464514214592,-0.002358652947094586,0.5572519083969466
RUT,HS300,cn_index,cn_ret_cc,2022-07-22,us_in_-1_0pct,250,-0.00046105366397931967,-0.0017723832808661522,0.56
RUT,HS300,cn_index,cn_ret_cc,2022-07-22,us_in_0_1pct,288,0.001333539596825596,0.00064227051757626,0.4618055555555556
RUT,HS300,cn_index,cn_ret_cc,2022-07-22,us_in_1_2pct,150,0.0006038766667005077,0.0005551970653636662,0.46
RUT,HS300,cn_index,cn_ret_cc,2022-07-22,us_ge_2pct,55,0.0039031024662957393,0.001220240420809926,0.38181818181818183
RUT,HS300,cn_index,cn_ret_oc,2022-07-22,us_le_-2pct,52,0.0006576593754209556,0.0005506862079316388,0.46153846153846156
RUT,HS300,cn_index,cn_ret_oc,2022-07-22,us_in_-2_-1pct,131,0.0015531471106813078,0.0004470929104054555,0.48854961832061067
RUT,HS300,cn_index,cn_ret_oc,2022-07-22,us_in_-1_0pct,250,-9.175377825109755e-05,-0.0003447953926388747,0.528
RUT,HS300,cn_index,cn_ret_oc,2022-07-22,us_in_0_1pct,288,0.0008464398452657827,0.0007765109039163942,0.4722222222222222
RUT,HS300,cn_index,cn_ret_oc,2022-07-22,us_in_1_2pct,150,-0.0005687889729820676,-0.0007027840423382559,0.5133333333333333
RUT,HS300,cn_index,cn_ret_oc,2022-07-22,us_ge_2pct,55,0.0003060822356960127,0.0006287936829905139,0.4727272727272727
RUT,ZZ500,cn_index,cn_ret_cc,2022-07-22,us_le_-2pct,52,-0.005172048202945077,-0.003030062641915243,0.6346153846153846
RUT,ZZ500,cn_index,cn_ret_cc,2022-07-22,us_in_-2_-1pct,131,-0.0011942322176728003,-0.000822961103861708,0.5648854961832062
RUT,ZZ500,cn_index,cn_ret_cc,2022-07-22,us_in_-1_0pct,250,-0.00021336571207776213,-0.000568054823500419,0.528
RUT,ZZ500,cn_index,cn_ret_cc,2022-07-22,us_in_0_1pct,288,0.001702737355750475,0.0007115991231393393,0.4722222222222222
RUT,ZZ500,cn_index,cn_ret_cc,2022-07-22,us_in_1_2pct,150,0.0008023553609902634,0.0010668858706088802,0.44666666666666666
RUT,ZZ500,cn_index,cn_ret_cc,2022-07-22,us_ge_2pct,55,0.004306604337891304,0.003337657648552206,0.32727272727272727
RUT,ZZ500,cn_index,cn_ret_oc,2022-07-22,us_le_-2pct,52,0.0014579222153154453,0.0022474762440637397,0.40384615384615385
RUT,ZZ500,cn_index,cn_ret_oc,2022-07-22,us_in_-2_-1pct,131,0.0015446535417311153,0.0012706798509674044,0.44274809160305345
RUT,ZZ500,cn_index,cn_ret_oc,2022-07-22,us_in_-1_0pct,250,0.00014321065554138545,0.0004621159679637499,0.484
RUT,ZZ500,cn_index,cn_ret_oc,2022-07-22,us_in_0_1pct,288,0.0011752339115529583,0.0008626702122612739,0.4652777777777778
RUT,ZZ500,cn_index,cn_ret_oc,2022-07-22,us_in_1_2pct,150,-0.0004011069090783777,0.00010388307274922237,0.49333333333333335
RUT,ZZ500,cn_index,cn_ret_oc,2022-07-22,us_ge_2pct,55,0.0009312638623523727,0.00033084913983638664,0.4909090909090909
RUT,ZZ1000,cn_index,cn_ret_cc,2022-07-22,us_le_-2pct,52,-0.005527721465076305,-0.001738222679966983,0.5384615384615384
RUT,ZZ1000,cn_index,cn_ret_cc,2022-07-22,us_in_-2_-1pct,131,-0.0018796177475711615,-0.0002358792193494219,0.5190839694656488
RUT,ZZ1000,cn_index,cn_ret_cc,2022-07-22,us_in_-1_0pct,250,2.27612165735942e-05,0.00044475091943740885,0.48
RUT,ZZ1000,cn_index,cn_ret_cc,2022-07-22,us_in_0_1pct,288,0.0018094954726087496,0.0019180274629753136,0.4444444444444444
RUT,ZZ1000,cn_index,cn_ret_cc,2022-07-22,us_in_1_2pct,150,2.9765734408266907e-05,0.0015101199996898629,0.4533333333333333
RUT,ZZ1000,cn_index,cn_ret_cc,2022-07-22,us_ge_2pct,55,0.005393393869442975,0.005450347059837046,0.34545454545454546
RUT,ZZ1000,cn_index,cn_ret_oc,2022-07-22,us_le_-2pct,52,0.0014706525346098647,0.002925600094395797,0.40384615384615385
RUT,ZZ1000,cn_index,cn_ret_oc,2022-07-22,us_in_-2_-1pct,131,0.0009713384465248567,0.002154163449842983,0.44274809160305345
RUT,ZZ1000,cn_index,cn_ret_oc,2022-07-22,us_in_-1_0pct,250,0.00037234172676788767,0.000830206571913461,0.468
RUT,ZZ1000,cn_index,cn_ret_oc,2022-07-22,us_in_0_1pct,288,0.0012855412127247526,0.0015584644729278452,0.4479166666666667
RUT,ZZ1000,cn_index,cn_ret_oc,2022-07-22,us_in_1_2pct,150,-0.0009303257045272091,3.878508143873027e-06,0.5
RUT,ZZ1000,cn_index,cn_ret_oc,2022-07-22,us_ge_2pct,55,0.0019980799914542874,0.001950201543397867,0.38181818181818183
RUT,SSE50,cn_index,cn_ret_cc,2022-07-22,us_le_-2pct,52,-0.004769290256476998,-0.004053496244478538,0.6923076923076923
RUT,SSE50,cn_index,cn_ret_cc,2022-07-22,us_in_-2_-1pct,131,-0.0007465966745564663,-0.0015018891910550947,0.5877862595419847
RUT,SSE50,cn_index,cn_ret_cc,2022-07-22,us_in_-1_0pct,250,-0.0003988799424610514,-0.0007214859045692745,0.528
RUT,SSE50,cn_index,cn_ret_cc,2022-07-22,us_in_0_1pct,288,0.0008843600789861105,0.00014519140772928374,0.4930555555555556
RUT,SSE50,cn_index,cn_ret_cc,2022-07-22,us_in_1_2pct,150,0.0005766143511754958,0.001339294732661478,0.4066666666666667
RUT,SSE50,cn_index,cn_ret_cc,2022-07-22,us_ge_2pct,55,0.0032872050134663787,0.001271396456013818,0.4727272727272727
RUT,SSE50,cn_index,cn_ret_oc,2022-07-22,us_le_-2pct,52,6.693527831613596e-05,0.00039173770220934934,0.5
RUT,SSE50,cn_index,cn_ret_oc,2022-07-22,us_in_-2_-1pct,131,0.001448702077608489,0.000491570868767166,0.4961832061068702
RUT,SSE50,cn_index,cn_ret_oc,2022-07-22,us_in_-1_0pct,250,-6.146785853366544e-05,-0.000593581187317116,0.524
RUT,SSE50,cn_index,cn_ret_oc,2022-07-22,us_in_0_1pct,288,0.0004179094125995686,0.00032604107202804933,0.4756944444444444
RUT,SSE50,cn_index,cn_ret_oc,2022-07-22,us_in_1_2pct,150,-0.0005794963121664069,-5.473700949570892e-05,0.5066666666666667
RUT,SSE50,cn_index,cn_ret_oc,2022-07-22,us_ge_2pct,55,-4.2237883305924886e-05,-0.001261085513025062,0.5272727272727272
RUT,IF,cn_future,cn_ret_cc,2022-07-22,us_le_-2pct,52,-0.006040963695372302,-0.00473164188217895,0.75
RUT,IF,cn_future,cn_ret_cc,2022-07-22,us_in_-2_-1pct,131,-0.0007993223960185772,-0.002520107238605962,0.5801526717557252
RUT,IF,cn_future,cn_ret_cc,2022-07-22,us_in_-1_0pct,250,-0.00044982707758702657,-0.0013811897557846065,0.576
RUT,IF,cn_future,cn_ret_cc,2022-07-22,us_in_0_1pct,288,0.0013822021627460117,0.0002416676131749007,0.4861111111111111
RUT,IF,cn_future,cn_ret_cc,2022-07-22,us_in_1_2pct,150,0.0006751836261455243,0.00013423494397757363,0.49333333333333335
RUT,IF,cn_future,cn_ret_cc,2022-07-22,us_ge_2pct,55,0.0038472506106626086,0.0016783378667746263,0.38181818181818183
RUT,IF,cn_future,cn_ret_oc,2022-07-22,us_le_-2pct,52,-0.0014074627314320605,-0.0002938887514338795,0.5384615384615384
RUT,IF,cn_future,cn_ret_oc,2022-07-22,us_in_-2_-1pct,131,0.0012395833109625873,-0.0006611570247933019,0.5419847328244275
RUT,IF,cn_future,cn_ret_oc,2022-07-22,us_in_-1_0pct,250,-0.0005439528959338485,-0.0005733377110350713,0.532
RUT,IF,cn_future,cn_ret_oc,2022-07-22,us_in_0_1pct,288,0.0004484035430780031,-0.00022802642712999033,0.5104166666666666
RUT,IF,cn_future,cn_ret_oc,2022-07-22,us_in_1_2pct,150,-0.0008624602367372487,-0.0009707675650653114,0.5133333333333333
RUT,IF,cn_future,cn_ret_oc,2022-07-22,us_ge_2pct,55,-0.00011518028589864878,-0.0014414414414414267,0.5272727272727272
RUT,IC,cn_future,cn_ret_cc,2022-07-22,us_le_-2pct,52,-0.004984451422832336,-0.002177852981823436,0.5769230769230769
RUT,IC,cn_future,cn_ret_cc,2022-07-22,us_in_-2_-1pct,131,-0.001129198942087467,-0.0016061676839062011,0.5572519083969466
RUT,IC,cn_future,cn_ret_cc,2022-07-22,us_in_-1_0pct,250,-0.00019991993611853732,-0.0009100695858413332,0.54
RUT,IC,cn_future,cn_ret_cc,2022-07-22,us_in_0_1pct,288,0.0015989549547229724,0.0008119276912764706,0.4791666666666667
RUT,IC,cn_future,cn_ret_cc,2022-07-22,us_in_1_2pct,150,0.0008910139476430186,4.9892233904613725e-05,0.5
RUT,IC,cn_future,cn_ret_cc,2022-07-22,us_ge_2pct,55,0.0043427682038862485,0.0018589828708006628,0.34545454545454546
RUT,IC,cn_future,cn_ret_oc,2022-07-22,us_le_-2pct,52,-0.0002892744143461809,0.0012786912383824234,0.4807692307692308
RUT,IC,cn_future,cn_ret_oc,2022-07-22,us_in_-2_-1pct,131,0.0009580262753448702,0.0008086253369272711,0.4580152671755725
RUT,IC,cn_future,cn_ret_oc,2022-07-22,us_in_-1_0pct,250,-0.00047685244161989007,-0.00045096577767650414,0.524
RUT,IC,cn_future,cn_ret_oc,2022-07-22,us_in_0_1pct,288,0.0005081879959204552,1.558069240592541e-05,0.4965277777777778
RUT,IC,cn_future,cn_ret_oc,2022-07-22,us_in_1_2pct,150,-0.0008953661479150014,-0.0009816417283519119,0.58
RUT,IC,cn_future,cn_ret_oc,2022-07-22,us_ge_2pct,55,7.88230527280952e-05,-0.0015329419439007452,0.5818181818181818
RUT,IM,cn_future,cn_ret_cc,2022-07-22,us_le_-2pct,52,-0.005459800915972405,-0.001953613090426465,0.5576923076923077
RUT,IM,cn_future,cn_ret_cc,2022-07-22,us_in_-2_-1pct,131,-0.001481428403198386,-0.001130901894260683,0.5419847328244275
RUT,IM,cn_future,cn_ret_cc,2022-07-22,us_in_-1_0pct,250,-6.309417594285893e-05,-0.0002597942682810439,0.508
RUT,IM,cn_future,cn_ret_cc,2022-07-22,us_in_0_1pct,287,0.0016893087894174208,0.0013837182486080568,0.44947735191637633
RUT,IM,cn_future,cn_ret_cc,2022-07-22,us_in_1_2pct,150,-2.755163314551871e-05,0.0003347334758743159,0.4866666666666667
RUT,IM,cn_future,cn_ret_cc,2022-07-22,us_ge_2pct,55,0.006037618319745861,0.004804436849063176,0.34545454545454546
RUT,IM,cn_future,cn_ret_oc,2022-07-22,us_le_-2pct,52,0.0003285084063032291,0.0018590697357800945,0.46153846153846156
RUT,IM,cn_future,cn_ret_oc,2022-07-22,us_in_-2_-1pct,131,0.0007474716779253088,0.0015903307888041063,0.4580152671755725
RUT,IM,cn_future,cn_ret_oc,2022-07-22,us_in_-1_0pct,250,2.5525844526357755e-05,-0.000482471641698623,0.52
RUT,IM,cn_future,cn_ret_oc,2022-07-22,us_in_0_1pct,288,0.0012322261516252188,0.0004078179663453696,0.4756944444444444
RUT,IM,cn_future,cn_ret_oc,2022-07-22,us_in_1_2pct,150,-0.0017007934596357255,-0.001577673566526716,0.56
RUT,IM,cn_future,cn_ret_oc,2022-07-22,us_ge_2pct,55,0.0016646352435670565,0.0,0.4909090909090909
RUT,IH,cn_future,cn_ret_cc,2022-07-22,us_le_-2pct,52,-0.005490575877962805,-0.004558284019553549,0.7307692307692307
RUT,IH,cn_future,cn_ret_cc,2022-07-22,us_in_-2_-1pct,131,-0.0006029414171818994,-0.0015263846489315114,0.5648854961832062
RUT,IH,cn_future,cn_ret_cc,2022-07-22,us_in_-1_0pct,250,-0.0005403483366748895,-0.0010251168975822234,0.56
RUT,IH,cn_future,cn_ret_cc,2022-07-22,us_in_0_1pct,288,0.0010204837618364307,0.0002837798385857404,0.4826388888888889
RUT,IH,cn_future,cn_ret_cc,2022-07-22,us_in_1_2pct,150,0.0007087725951673832,0.0009816683360530654,0.42
RUT,IH,cn_future,cn_ret_cc,2022-07-22,us_ge_2pct,55,0.0032786331419684205,0.0016656950112434732,0.41818181818181815
RUT,IH,cn_future,cn_ret_oc,2022-07-22,us_le_-2pct,52,-0.0018571771711931157,-0.0006065519413127607,0.5384615384615384
RUT,IH,cn_future,cn_ret_oc,2022-07-22,us_in_-2_-1pct,131,0.0010964199111136406,-0.0009454545454544716,0.5267175572519084
RUT,IH,cn_future,cn_ret_oc,2022-07-22,us_in_-1_0pct,250,-0.0006675149520516545,-0.0008398651991070039,0.548
RUT,IH,cn_future,cn_ret_oc,2022-07-22,us_in_0_1pct,288,0.0002698814629421919,-0.00015355007347600536,0.5069444444444444
RUT,IH,cn_future,cn_ret_oc,2022-07-22,us_in_1_2pct,150,-0.000679812177068706,-0.00031427117955229456,0.52
RUT,IH,cn_future,cn_ret_oc,2022-07-22,us_ge_2pct,55,-0.000407447656578628,-0.0013710838417769766,0.5818181818181818
